date,hour,rain_mm
2022-06-01,0,0.0
2022-06-01,1,0.0
2022-06-01,2,0.0
2022-06-01,3,0.0
2022-06-01,4,0.0
2022-06-01,5,0.0
2022-06-01,6,0.0
2022-06-01,7,0.0
2022-06-01,8,0.0
2022-06-01,9,0.0
2022-06-01,10,0.0
2022-06-01,11,0.0
2022-06-01,12,0.0
2022-06-01,13,0.0
2022-06-01,14,0.0
2022-06-01,15,0.0
2022-06-01,16,0.0
2022-06-01,17,0.0
2022-06-01,18,0.0
2022-06-01,19,0.0
2022-06-01,20,0.0
2022-06-01,21,0.0
2022-06-01,22,0.0
2022-06-01,23,0.0
2022-06-02,0,0.0
2022-06-02,1,0.0
2022-06-02,2,0.0
2022-06-02,3,0.0
2022-06-02,4,0.0
2022-06-02,5,0.0
2022-06-02,6,0.0
2022-06-02,7,0.0
2022-06-02,8,0.0
2022-06-02,9,0.0
2022-06-02,10,0.0
2022-06-02,11,0.0
2022-06-02,12,0.0
2022-06-02,13,0.0
2022-06-02,14,0.0
2022-06-02,15,0.0
2022-06-02,16,0.0
2022-06-02,17,0.0
2022-06-02,18,0.0
2022-06-02,19,0.0
2022-06-02,20,0.0
2022-06-02,21,0.0
2022-06-02,22,0.0
2022-06-02,23,0.0
2022-06-03,0,0.0
2022-06-03,1,0.0
2022-06-03,2,0.0
2022-06-03,3,0.0
2022-06-03,4,0.0
2022-06-03,5,0.0
2022-06-03,6,0.0
2022-06-03,7,0.0
2022-06-03,8,0.0
2022-06-03,9,0.0
2022-06-03,10,0.0
2022-06-03,11,0.0
2022-06-03,12,0.0
2022-06-03,13,0.0
2022-06-03,14,0.0
2022-06-03,15,0.0
2022-06-03,16,0.0
2022-06-03,17,0.0
2022-06-03,18,0.0
2022-06-03,19,0.0
2022-06-03,20,0.0
2022-06-03,21,0.0
2022-06-03,22,0.0
2022-06-03,23,0.0
2022-06-04,0,0.0
2022-06-04,1,0.0
2022-06-04,2,0.0
2022-06-04,3,0.0
2022-06-04,4,0.0
2022-06-04,5,0.0
2022-06-04,6,0.0
2022-06-04,7,0.0
2022-06-04,8,0.0
2022-06-04,9,0.0
2022-06-04,10,0.0
2022-06-04,11,0.0
2022-06-04,12,0.0
2022-06-04,13,0.0
2022-06-04,14,0.0
2022-06-04,15,0.0
2022-06-04,16,0.0
2022-06-04,17,0.0
2022-06-04,18,0.0
2022-06-04,19,0.0
2022-06-04,20,0.0
2022-06-04,21,0.0
2022-06-04,22,0.0
2022-06-04,23,0.0
2022-06-05,0,0.0
2022-06-05,1,0.0
2022-06-05,2,0.0
2022-06-05,3,0.0
2022-06-05,4,0.0
2022-06-05,5,0.0
2022-06-05,6,0.0
2022-06-05,7,0.0
2022-06-05,8,0.0
2022-06-05,9,0.0
2022-06-05,10,0.0
2022-06-05,11,0.0
2022-06-05,12,0.0
2022-06-05,13,0.0
2022-06-05,14,0.0
2022-06-05,15,0.0
2022-06-05,16,0.0
2022-06-05,17,0.0
2022-06-05,18,0.0
2022-06-05,19,0.0
2022-06-05,20,0.0
2022-06-05,21,0.0
2022-06-05,22,0.0
2022-06-05,23,0.0
2022-06-06,0,0.0
2022-06-06,1,0.0
2022-06-06,2,0.0
2022-06-06,3,0.0
2022-06-06,4,0.0
2022-06-06,5,0.0
2022-06-06,6,0.0
2022-06-06,7,0.0
2022-06-06,8,0.0
2022-06-06,9,0.0
2022-06-06,10,0.0
2022-06-06,11,0.0
2022-06-06,12,0.0
2022-06-06,13,0.0
2022-06-06,14,0.0
2022-06-06,15,0.0
2022-06-06,16,0.0
2022-06-06,17,0.0
2022-06-06,18,0.0
2022-06-06,19,0.0
2022-06-06,20,0.0
2022-06-06,21,0.0
2022-06-06,22,0.0
2022-06-06,23,0.0
2022-06-07,0,0.0
2022-06-07,1,0.0
2022-06-07,2,0.0
2022-06-07,3,0.0
2022-06-07,4,0.0
2022-06-07,5,0.0
2022-06-07,6,0.0
2022-06-07,7,0.0
2022-06-07,8,0.0
2022-06-07,9,0.0
2022-06-07,10,0.0
2022-06-07,11,0.0
2022-06-07,12,0.0
2022-06-07,13,0.0
2022-06-07,14,0.0
2022-06-07,15,0.0
2022-06-07,16,0.0
2022-06-07,17,0.0
2022-06-07,18,0.0
2022-06-07,19,0.0
2022-06-07,20,0.0
2022-06-07,21,0.0
2022-06-07,22,0.0
2022-06-07,23,0.0
2022-06-08,0,0.0
2022-06-08,1,0.0
2022-06-08,2,0.0
2022-06-08,3,0.0
2022-06-08,4,0.0
2022-06-08,5,0.0
2022-06-08,6,0.0
2022-06-08,7,0.0
2022-06-08,8,0.0
2022-06-08,9,0.0
2022-06-08,10,0.0
2022-06-08,11,0.0
2022-06-08,12,0.0
2022-06-08,13,0.0
2022-06-08,14,0.0
2022-06-08,15,2.25
2022-06-08,16,3.0
2022-06-08,17,0.0
2022-06-08,18,0.0
2022-06-08,19,0.0
2022-06-08,20,0.0
2022-06-08,21,0.0
2022-06-08,22,0.0
2022-06-08,23,0.0
2022-06-09,0,0.0
2022-06-09,1,0.0
2022-06-09,2,0.0
2022-06-09,3,0.0
2022-06-09,4,0.0
2022-06-09,5,0.0
2022-06-09,6,0.0
2022-06-09,7,0.0
2022-06-09,8,0.0
2022-06-09,9,0.0
2022-06-09,10,0.0
2022-06-09,11,0.0
2022-06-09,12,0.0
2022-06-09,13,0.0
2022-06-09,14,0.0
2022-06-09,15,0.0
2022-06-09,16,0.0
2022-06-09,17,0.0
2022-06-09,18,0.0
2022-06-09,19,0.0
2022-06-09,20,0.0
2022-06-09,21,0.0
2022-06-09,22,1.75
2022-06-09,23,0.5
2022-06-10,0,0.0
2022-06-10,1,0.0
2022-06-10,2,0.0
2022-06-10,3,0.0
2022-06-10,4,0.0
2022-06-10,5,0.0
2022-06-10,6,0.0
2022-06-10,7,0.0
2022-06-10,8,0.0
2022-06-10,9,0.0
2022-06-10,10,0.0
2022-06-10,11,0.0
2022-06-10,12,0.0
2022-06-10,13,0.0
2022-06-10,14,0.0
2022-06-10,15,0.0
2022-06-10,16,0.0
2022-06-10,17,0.0
2022-06-10,18,0.0
2022-06-10,19,0.0
2022-06-10,20,0.0
2022-06-10,21,0.0
2022-06-10,22,0.0
2022-06-10,23,0.0
2022-06-11,0,0.0
2022-06-11,1,0.0
2022-06-11,2,0.0
2022-06-11,3,0.0
2022-06-11,4,0.0
2022-06-11,5,0.0
2022-06-11,6,0.0
2022-06-11,7,0.0
2022-06-11,8,0.0
2022-06-11,9,0.0
2022-06-11,10,0.0
2022-06-11,11,0.0
2022-06-11,12,0.0
2022-06-11,13,0.0
2022-06-11,14,0.0
2022-06-11,15,0.0
2022-06-11,16,0.0
2022-06-11,17,0.0
2022-06-11,18,0.0
2022-06-11,19,0.0
2022-06-11,20,0.0
2022-06-11,21,0.0
2022-06-11,22,0.0
2022-06-11,23,0.0
2022-06-12,0,0.0
2022-06-12,1,0.0
2022-06-12,2,0.0
2022-06-12,3,0.0
2022-06-12,4,0.0
2022-06-12,5,0.0
2022-06-12,6,0.0
2022-06-12,7,0.0
2022-06-12,8,0.0
2022-06-12,9,0.0
2022-06-12,10,0.0
2022-06-12,11,0.0
2022-06-12,12,0.0
2022-06-12,13,0.0
2022-06-12,14,0.25
2022-06-12,15,3.5
2022-06-12,16,3.5
2022-06-12,17,0.5
2022-06-12,18,0.0
2022-06-12,19,0.0
2022-06-12,20,0.25
2022-06-12,21,0.0
2022-06-12,22,0.0
2022-06-12,23,0.0
2022-06-13,0,0.0
2022-06-13,1,0.0
2022-06-13,2,0.0
2022-06-13,3,0.0
2022-06-13,4,0.0
2022-06-13,5,0.0
2022-06-13,6,0.0
2022-06-13,7,0.0
2022-06-13,8,0.0
2022-06-13,9,0.0
2022-06-13,10,0.0
2022-06-13,11,0.0
2022-06-13,12,0.0
2022-06-13,13,0.0
2022-06-13,14,0.0
2022-06-13,15,0.0
2022-06-13,16,0.0
2022-06-13,17,0.0
2022-06-13,18,0.0
2022-06-13,19,0.0
2022-06-13,20,13.25
2022-06-13,21,13.75
2022-06-13,22,0.0
2022-06-13,23,0.0
2022-06-14,0,0.0
2022-06-14,1,0.0
2022-06-14,2,0.0
2022-06-14,3,0.0
2022-06-14,4,0.0
2022-06-14,5,0.0
2022-06-14,6,0.0
2022-06-14,7,0.0
2022-06-14,8,0.0
2022-06-14,9,0.0
2022-06-14,10,0.0
2022-06-14,11,0.0
2022-06-14,12,0.0
2022-06-14,13,0.0
2022-06-14,14,0.0
2022-06-14,15,0.0
2022-06-14,16,0.0
2022-06-14,17,0.0
2022-06-14,18,0.0
2022-06-14,19,0.0
2022-06-14,20,0.0
2022-06-14,21,0.0
2022-06-14,22,0.0
2022-06-14,23,0.0
2022-06-15,0,0.0
2022-06-15,1,0.0
2022-06-15,2,0.0
2022-06-15,3,0.0
2022-06-15,4,0.0
2022-06-15,5,0.0
2022-06-15,6,0.0
2022-06-15,7,0.0
2022-06-15,8,0.0
2022-06-15,9,0.0
2022-06-15,10,0.0
2022-06-15,11,0.0
2022-06-15,12,0.0
2022-06-15,13,0.0
2022-06-15,14,0.0
2022-06-15,15,0.0
2022-06-15,16,0.0
2022-06-15,17,0.0
2022-06-15,18,0.0
2022-06-15,19,0.0
2022-06-15,20,0.0
2022-06-15,21,0.0
2022-06-15,22,0.0
2022-06-15,23,0.0
2022-06-16,0,0.0
2022-06-16,1,0.0
2022-06-16,2,0.0
2022-06-16,3,0.0
2022-06-16,4,0.0
2022-06-16,5,0.0
2022-06-16,6,0.0
2022-06-16,7,0.0
2022-06-16,8,0.0
2022-06-16,9,0.0
2022-06-16,10,0.0
2022-06-16,11,0.0
2022-06-16,12,0.0
2022-06-16,13,0.0
2022-06-16,14,0.0
2022-06-16,15,0.0
2022-06-16,16,0.0
2022-06-16,17,0.0
2022-06-16,18,0.0
2022-06-16,19,0.0
2022-06-16,20,0.0
2022-06-16,21,0.0
2022-06-16,22,0.0
2022-06-16,23,0.0
2022-06-17,0,0.0
2022-06-17,1,0.0
2022-06-17,2,0.0
2022-06-17,3,0.0
2022-06-17,4,0.0
2022-06-17,5,0.0
2022-06-17,6,0.0
2022-06-17,7,0.0
2022-06-17,8,0.0
2022-06-17,9,0.0
2022-06-17,10,0.0
2022-06-17,11,0.0
2022-06-17,12,0.0
2022-06-17,13,0.0
2022-06-17,14,0.0
2022-06-17,15,0.0
2022-06-17,16,0.0
2022-06-17,17,0.0
2022-06-17,18,0.25
2022-06-17,19,0.5
2022-06-17,20,0.0
2022-06-17,21,0.0
2022-06-17,22,0.0
2022-06-17,23,0.0
2022-06-18,0,0.0
2022-06-18,1,0.0
2022-06-18,2,0.0
2022-06-18,3,0.0
2022-06-18,4,0.0
2022-06-18,5,0.0
2022-06-18,6,0.0
2022-06-18,7,0.0
2022-06-18,8,0.0
2022-06-18,9,0.0
2022-06-18,10,0.0
2022-06-18,11,0.0
2022-06-18,12,0.0
2022-06-18,13,0.0
2022-06-18,14,0.0
2022-06-18,15,0.0
2022-06-18,16,0.0
2022-06-18,17,0.0
2022-06-18,18,0.0
2022-06-18,19,0.0
2022-06-18,20,0.0
2022-06-18,21,0.0
2022-06-18,22,0.0
2022-06-18,23,0.0
2022-06-19,0,0.0
2022-06-19,1,0.0
2022-06-19,2,0.0
2022-06-19,3,0.0
2022-06-19,4,0.0
2022-06-19,5,0.0
2022-06-19,6,0.0
2022-06-19,7,0.0
2022-06-19,8,0.0
2022-06-19,9,0.0
2022-06-19,10,0.0
2022-06-19,11,0.0
2022-06-19,12,0.0
2022-06-19,13,0.0
2022-06-19,14,0.0
2022-06-19,15,0.0
2022-06-19,16,0.0
2022-06-19,17,0.75
2022-06-19,18,0.0
2022-06-19,19,0.0
2022-06-19,20,0.0
2022-06-19,21,0.0
2022-06-19,22,0.0
2022-06-19,23,0.0
2022-06-20,0,0.0
2022-06-20,1,0.0
2022-06-20,2,0.0
2022-06-20,3,0.0
2022-06-20,4,0.0
2022-06-20,5,0.0
2022-06-20,6,0.0
2022-06-20,7,0.0
2022-06-20,8,0.0
2022-06-20,9,0.0
2022-06-20,10,0.0
2022-06-20,11,0.0
2022-06-20,12,0.0
2022-06-20,13,0.0
2022-06-20,14,1.25
2022-06-20,15,0.0
2022-06-20,16,0.0
2022-06-20,17,0.0
2022-06-20,18,0.0
2022-06-20,19,0.0
2022-06-20,20,0.0
2022-06-20,21,0.0
2022-06-20,22,0.0
2022-06-20,23,0.0
2022-06-21,0,0.0
2022-06-21,1,0.0
2022-06-21,2,0.0
2022-06-21,3,0.0
2022-06-21,4,0.0
2022-06-21,5,0.0
2022-06-21,6,0.0
2022-06-21,7,0.0
2022-06-21,8,0.0
2022-06-21,9,0.0
2022-06-21,10,0.0
2022-06-21,11,0.0
2022-06-21,12,0.0
2022-06-21,13,0.0
2022-06-21,14,0.0
2022-06-21,15,0.0
2022-06-21,16,6.5
2022-06-21,17,0.0
2022-06-21,18,0.0
2022-06-21,19,0.0
2022-06-21,20,0.0
2022-06-21,21,0.0
2022-06-21,22,0.0
2022-06-21,23,0.0
2022-06-22,0,0.0
2022-06-22,1,0.0
2022-06-22,2,0.0
2022-06-22,3,0.0
2022-06-22,4,0.0
2022-06-22,5,0.0
2022-06-22,6,0.0
2022-06-22,7,0.0
2022-06-22,8,0.0
2022-06-22,9,0.0
2022-06-22,10,0.0
2022-06-22,11,0.0
2022-06-22,12,0.0
2022-06-22,13,0.0
2022-06-22,14,0.0
2022-06-22,15,0.0
2022-06-22,16,0.0
2022-06-22,17,0.0
2022-06-22,18,0.0
2022-06-22,19,28.0
2022-06-22,20,8.75
2022-06-22,21,3.25
2022-06-22,22,2.5
2022-06-22,23,1.0
2022-06-23,0,1.0
2022-06-23,1,0.0
2022-06-23,2,0.0
2022-06-23,3,0.0
2022-06-23,4,0.0
2022-06-23,5,0.0
2022-06-23,6,0.0
2022-06-23,7,0.0
2022-06-23,8,0.0
2022-06-23,9,0.0
2022-06-23,10,0.0
2022-06-23,11,0.0
2022-06-23,12,0.0
2022-06-23,13,0.0
2022-06-23,14,0.0
2022-06-23,15,0.0
2022-06-23,16,0.0
2022-06-23,17,0.0
2022-06-23,18,0.0
2022-06-23,19,0.0
2022-06-23,20,0.0
2022-06-23,21,0.0
2022-06-23,22,0.0
2022-06-23,23,0.0
2022-06-24,0,0.0
2022-06-24,1,0.0
2022-06-24,2,0.0
2022-06-24,3,0.0
2022-06-24,4,0.0
2022-06-24,5,0.0
2022-06-24,6,0.0
2022-06-24,7,0.0
2022-06-24,8,0.0
2022-06-24,9,0.0
2022-06-24,10,0.0
2022-06-24,11,0.0
2022-06-24,12,0.0
2022-06-24,13,0.25
2022-06-24,14,5.0
2022-06-24,15,0.0
2022-06-24,16,0.5
2022-06-24,17,1.0
2022-06-24,18,0.0
2022-06-24,19,0.0
2022-06-24,20,0.0
2022-06-24,21,0.0
2022-06-24,22,0.0
2022-06-24,23,0.0
2022-06-25,0,0.25
2022-06-25,1,0.0
2022-06-25,2,0.0
2022-06-25,3,0.0
2022-06-25,4,0.0
2022-06-25,5,0.0
2022-06-25,6,0.0
2022-06-25,7,0.0
2022-06-25,8,0.0
2022-06-25,9,0.0
2022-06-25,10,0.0
2022-06-25,11,0.0
2022-06-25,12,0.0
2022-06-25,13,0.0
2022-06-25,14,0.0
2022-06-25,15,0.0
2022-06-25,16,0.0
2022-06-25,17,0.0
2022-06-25,18,0.0
2022-06-25,19,0.0
2022-06-25,20,0.0
2022-06-25,21,0.0
2022-06-25,22,0.0
2022-06-25,23,0.0
2022-06-26,0,0.0
2022-06-26,1,0.0
2022-06-26,2,0.0
2022-06-26,3,0.0
2022-06-26,4,0.0
2022-06-26,5,0.0
2022-06-26,6,0.0
2022-06-26,7,0.0
2022-06-26,8,0.0
2022-06-26,9,0.0
2022-06-26,10,0.0
2022-06-26,11,0.0
2022-06-26,12,0.0
2022-06-26,13,0.0
2022-06-26,14,0.0
2022-06-26,15,0.0
2022-06-26,16,0.0
2022-06-26,17,0.0
2022-06-26,18,0.0
2022-06-26,19,0.0
2022-06-26,20,0.0
2022-06-26,21,0.0
2022-06-26,22,0.0
2022-06-26,23,0.0
2022-06-27,0,0.0
2022-06-27,1,0.0
2022-06-27,2,0.0
2022-06-27,3,0.0
2022-06-27,4,0.0
2022-06-27,5,0.0
2022-06-27,6,0.0
2022-06-27,7,0.0
2022-06-27,8,0.0
2022-06-27,9,0.0
2022-06-27,10,0.0
2022-06-27,11,0.0
2022-06-27,12,0.0
2022-06-27,13,0.0
2022-06-27,14,0.0
2022-06-27,15,0.0
2022-06-27,16,0.0
2022-06-27,17,3.75
2022-06-27,18,4.25
2022-06-27,19,2.0
2022-06-27,20,1.75
2022-06-27,21,4.25
2022-06-27,22,0.75
2022-06-27,23,0.0
2022-06-28,0,0.0
2022-06-28,1,0.0
2022-06-28,2,0.0
2022-06-28,3,0.0
2022-06-28,4,0.0
2022-06-28,5,0.0
2022-06-28,6,0.0
2022-06-28,7,0.0
2022-06-28,8,0.0
2022-06-28,9,0.0
2022-06-28,10,0.0
2022-06-28,11,0.0
2022-06-28,12,0.25
2022-06-28,13,0.0
2022-06-28,14,0.0
2022-06-28,15,0.0
2022-06-28,16,0.0
2022-06-28,17,0.0
2022-06-28,18,0.0
2022-06-28,19,0.0
2022-06-28,20,0.0
2022-06-28,21,0.0
2022-06-28,22,0.0
2022-06-28,23,0.0
2022-06-29,0,0.0
2022-06-29,1,0.0
2022-06-29,2,0.0
2022-06-29,3,0.0
2022-06-29,4,0.0
2022-06-29,5,0.0
2022-06-29,6,0.0
2022-06-29,7,0.0
2022-06-29,8,0.0
2022-06-29,9,0.0
2022-06-29,10,0.0
2022-06-29,11,0.0
2022-06-29,12,0.0
2022-06-29,13,0.0
2022-06-29,14,0.0
2022-06-29,15,0.0
2022-06-29,16,0.0
2022-06-29,17,0.0
2022-06-29,18,0.0
2022-06-29,19,0.0
2022-06-29,20,0.0
2022-06-29,21,0.0
2022-06-29,22,0.0
2022-06-29,23,0.0
2022-06-30,0,0.0
2022-06-30,1,0.0
2022-06-30,2,0.0
2022-06-30,3,0.0
2022-06-30,4,0.0
2022-06-30,5,0.0
2022-06-30,6,0.0
2022-06-30,7,0.0
2022-06-30,8,0.0
2022-06-30,9,0.0
2022-06-30,10,0.0
2022-06-30,11,0.0
2022-06-30,12,0.0
2022-06-30,13,0.0
2022-06-30,14,0.0
2022-06-30,15,0.0
2022-06-30,16,0.25
2022-06-30,17,0.25
2022-06-30,18,0.0
2022-06-30,19,0.0
2022-06-30,20,0.0
2022-06-30,21,0.0
2022-06-30,22,0.0
2022-06-30,23,0.0
2022-07-01,0,0.0
2022-07-01,1,0.0
2022-07-01,2,0.0
2022-07-01,3,0.0
2022-07-01,4,0.0
2022-07-01,5,0.0
2022-07-01,6,0.0
2022-07-01,7,0.0
2022-07-01,8,0.0
2022-07-01,9,0.0
2022-07-01,10,0.0
2022-07-01,11,0.0
2022-07-01,12,1.25
2022-07-01,13,0.5
2022-07-01,14,0.0
2022-07-01,15,0.0
2022-07-01,16,0.0
2022-07-01,17,0.0
2022-07-01,18,0.0
2022-07-01,19,0.0
2022-07-01,20,0.0
2022-07-01,21,0.0
2022-07-01,22,0.0
2022-07-01,23,0.0
2022-07-02,0,0.0
2022-07-02,1,0.0
2022-07-02,2,0.0
2022-07-02,3,0.0
2022-07-02,4,0.0
2022-07-02,5,0.0
2022-07-02,6,0.0
2022-07-02,7,0.0
2022-07-02,8,0.0
2022-07-02,9,0.0
2022-07-02,10,0.0
2022-07-02,11,0.0
2022-07-02,12,0.0
2022-07-02,13,0.0
2022-07-02,14,0.0
2022-07-02,15,0.0
2022-07-02,16,0.0
2022-07-02,17,0.0
2022-07-02,18,0.0
2022-07-02,19,0.0
2022-07-02,20,0.0
2022-07-02,21,0.0
2022-07-02,22,0.0
2022-07-02,23,0.0
2022-07-03,0,0.0
2022-07-03,1,0.0
2022-07-03,2,0.0
2022-07-03,3,0.0
2022-07-03,4,0.0
2022-07-03,5,0.0
2022-07-03,6,0.0
2022-07-03,7,0.0
2022-07-03,8,0.0
2022-07-03,9,0.0
2022-07-03,10,0.0
2022-07-03,11,0.0
2022-07-03,12,0.0
2022-07-03,13,0.0
2022-07-03,14,0.0
2022-07-03,15,0.0
2022-07-03,16,0.0
2022-07-03,17,0.0
2022-07-03,18,0.0
2022-07-03,19,0.0
2022-07-03,20,0.0
2022-07-03,21,0.0
2022-07-03,22,0.0
2022-07-03,23,0.0
2022-07-04,0,0.0
2022-07-04,1,0.0
2022-07-04,2,0.0
2022-07-04,3,0.0
2022-07-04,4,0.25
2022-07-04,5,0.5
2022-07-04,6,0.0
2022-07-04,7,0.0
2022-07-04,8,0.0
2022-07-04,9,0.0
2022-07-04,10,0.0
2022-07-04,11,0.0
2022-07-04,12,0.0
2022-07-04,13,0.0
2022-07-04,14,0.0
2022-07-04,15,0.0
2022-07-04,16,0.75
2022-07-04,17,0.0
2022-07-04,18,0.25
2022-07-04,19,0.0
2022-07-04,20,0.0
2022-07-04,21,0.0
2022-07-04,22,0.0
2022-07-04,23,0.25
2022-07-05,0,0.25
2022-07-05,1,0.0
2022-07-05,2,0.0
2022-07-05,3,0.0
2022-07-05,4,0.0
2022-07-05,5,0.0
2022-07-05,6,0.0
2022-07-05,7,0.0
2022-07-05,8,0.0
2022-07-05,9,0.0
2022-07-05,10,0.0
2022-07-05,11,0.0
2022-07-05,12,0.0
2022-07-05,13,0.0
2022-07-05,14,0.0
2022-07-05,15,0.0
2022-07-05,16,0.0
2022-07-05,17,0.25
2022-07-05,18,0.0
2022-07-05,19,0.0
2022-07-05,20,0.25
2022-07-05,21,0.25
2022-07-05,22,0.25
2022-07-05,23,0.0
2022-07-06,0,0.0
2022-07-06,1,0.0
2022-07-06,2,0.0
2022-07-06,3,0.0
2022-07-06,4,0.0
2022-07-06,5,0.0
2022-07-06,6,0.0
2022-07-06,7,0.0
2022-07-06,8,0.0
2022-07-06,9,0.0
2022-07-06,10,0.0
2022-07-06,11,0.0
2022-07-06,12,0.0
2022-07-06,13,0.0
2022-07-06,14,0.0
2022-07-06,15,0.0
2022-07-06,16,0.0
2022-07-06,17,0.0
2022-07-06,18,0.0
2022-07-06,19,0.0
2022-07-06,20,0.0
2022-07-06,21,0.0
2022-07-06,22,0.0
2022-07-06,23,0.0
2022-07-07,0,0.0
2022-07-07,1,0.0
2022-07-07,2,0.0
2022-07-07,3,0.0
2022-07-07,4,0.0
2022-07-07,5,0.0
2022-07-07,6,0.0
2022-07-07,7,0.0
2022-07-07,8,0.0
2022-07-07,9,0.0
2022-07-07,10,0.0
2022-07-07,11,0.0
2022-07-07,12,0.0
2022-07-07,13,0.0
2022-07-07,14,3.25
2022-07-07,15,1.75
2022-07-07,16,2.25
2022-07-07,17,1.5
2022-07-07,18,0.5
2022-07-07,19,0.0
2022-07-07,20,0.25
2022-07-07,21,0.25
2022-07-07,22,0.25
2022-07-07,23,0.25
2022-07-08,0,0.0
2022-07-08,1,0.0
2022-07-08,2,0.0
2022-07-08,3,0.0
2022-07-08,4,0.0
2022-07-08,5,0.0
2022-07-08,6,0.0
2022-07-08,7,0.0
2022-07-08,8,0.0
2022-07-08,9,0.25
2022-07-08,10,0.0
2022-07-08,11,0.0
2022-07-08,12,0.0
2022-07-08,13,0.25
2022-07-08,14,0.25
2022-07-08,15,0.0
2022-07-08,16,0.0
2022-07-08,17,0.0
2022-07-08,18,0.25
2022-07-08,19,9.0
2022-07-08,20,4.5
2022-07-08,21,4.25
2022-07-08,22,3.0
2022-07-08,23,0.5
2022-07-09,0,0.0
2022-07-09,1,0.0
2022-07-09,2,0.0
2022-07-09,3,0.0
2022-07-09,4,0.0
2022-07-09,5,0.0
2022-07-09,6,0.0
2022-07-09,7,0.0
2022-07-09,8,0.0
2022-07-09,9,0.0
2022-07-09,10,0.0
2022-07-09,11,0.0
2022-07-09,12,0.0
2022-07-09,13,0.0
2022-07-09,14,0.0
2022-07-09,15,0.0
2022-07-09,16,0.0
2022-07-09,17,0.0
2022-07-09,18,0.0
2022-07-09,19,0.5
2022-07-09,20,0.5
2022-07-09,21,0.5
2022-07-09,22,3.25
2022-07-09,23,3.0
2022-07-10,0,1.5
2022-07-10,1,0.25
2022-07-10,2,0.0
2022-07-10,3,0.0
2022-07-10,4,0.5
2022-07-10,5,1.0
2022-07-10,6,0.75
2022-07-10,7,3.25
2022-07-10,8,3.75
2022-07-10,9,4.0
2022-07-10,10,4.25
2022-07-10,11,1.5
2022-07-10,12,0.75
2022-07-10,13,1.0
2022-07-10,14,0.5
2022-07-10,15,0.0
2022-07-10,16,0.0
2022-07-10,17,0.0
2022-07-10,18,0.0
2022-07-10,19,0.0
2022-07-10,20,0.0
2022-07-10,21,0.0
2022-07-10,22,0.0
2022-07-10,23,0.25
2022-07-11,0,0.25
2022-07-11,1,0.0
2022-07-11,2,0.0
2022-07-11,3,0.0
2022-07-11,4,0.0
2022-07-11,5,0.0
2022-07-11,6,0.25
2022-07-11,7,7.5
2022-07-11,8,2.0
2022-07-11,9,1.75
2022-07-11,10,0.75
2022-07-11,11,0.25
2022-07-11,12,0.0
2022-07-11,13,0.0
2022-07-11,14,0.25
2022-07-11,15,0.25
2022-07-11,16,0.25
2022-07-11,17,0.0
2022-07-11,18,0.75
2022-07-11,19,0.25
2022-07-11,20,0.5
2022-07-11,21,0.25
2022-07-11,22,0.75
2022-07-11,23,0.0
2022-07-12,0,0.0
2022-07-12,1,0.25
2022-07-12,2,1.25
2022-07-12,3,0.0
2022-07-12,4,0.0
2022-07-12,5,0.0
2022-07-12,6,0.0
2022-07-12,7,0.0
2022-07-12,8,0.0
2022-07-12,9,0.0
2022-07-12,10,0.0
2022-07-12,11,0.0
2022-07-12,12,0.0
2022-07-12,13,0.0
2022-07-12,14,0.0
2022-07-12,15,0.0
2022-07-12,16,0.0
2022-07-12,17,0.0
2022-07-12,18,0.0
2022-07-12,19,0.0
2022-07-12,20,0.0
2022-07-12,21,0.0
2022-07-12,22,0.0
2022-07-12,23,0.0
2022-07-13,0,0.0
2022-07-13,1,0.0
2022-07-13,2,0.0
2022-07-13,3,0.0
2022-07-13,4,0.0
2022-07-13,5,0.0
2022-07-13,6,0.0
2022-07-13,7,0.0
2022-07-13,8,0.0
2022-07-13,9,0.0
2022-07-13,10,0.0
2022-07-13,11,0.5
2022-07-13,12,1.75
2022-07-13,13,1.25
2022-07-13,14,0.75
2022-07-13,15,0.25
2022-07-13,16,0.0
2022-07-13,17,0.25
2022-07-13,18,1.25
2022-07-13,19,1.5
2022-07-13,20,0.5
2022-07-13,21,1.25
2022-07-13,22,0.25
2022-07-13,23,0.0
2022-07-14,0,0.0
2022-07-14,1,0.0
2022-07-14,2,0.0
2022-07-14,3,0.0
2022-07-14,4,0.0
2022-07-14,5,0.0
2022-07-14,6,0.0
2022-07-14,7,0.0
2022-07-14,8,0.0
2022-07-14,9,0.0
2022-07-14,10,0.0
2022-07-14,11,0.0
2022-07-14,12,0.0
2022-07-14,13,0.0
2022-07-14,14,0.0
2022-07-14,15,0.0
2022-07-14,16,1.0
2022-07-14,17,0.0
2022-07-14,18,0.0
2022-07-14,19,0.0
2022-07-14,20,0.0
2022-07-14,21,0.0
2022-07-14,22,0.0
2022-07-14,23,0.0
2022-07-15,0,0.0
2022-07-15,1,0.0
2022-07-15,2,0.0
2022-07-15,3,0.0
2022-07-15,4,0.0
2022-07-15,5,0.0
2022-07-15,6,0.0
2022-07-15,7,0.0
2022-07-15,8,0.0
2022-07-15,9,0.25
2022-07-15,10,1.0
2022-07-15,11,0.0
2022-07-15,12,0.5
2022-07-15,13,0.5
2022-07-15,14,0.0
2022-07-15,15,0.0
2022-07-15,16,0.0
2022-07-15,17,0.0
2022-07-15,18,0.0
2022-07-15,19,0.0
2022-07-15,20,0.0
2022-07-15,21,0.0
2022-07-15,22,0.0
2022-07-15,23,0.0
2022-07-16,0,0.0
2022-07-16,1,0.0
2022-07-16,2,0.0
2022-07-16,3,0.0
2022-07-16,4,0.0
2022-07-16,5,0.0
2022-07-16,6,0.0
2022-07-16,7,0.0
2022-07-16,8,0.0
2022-07-16,9,0.0
2022-07-16,10,0.0
2022-07-16,11,0.0
2022-07-16,12,0.0
2022-07-16,13,0.0
2022-07-16,14,0.0
2022-07-16,15,0.0
2022-07-16,16,0.0
2022-07-16,17,0.0
2022-07-16,18,0.0
2022-07-16,19,0.0
2022-07-16,20,0.0
2022-07-16,21,0.0
2022-07-16,22,0.0
2022-07-16,23,0.0
2022-07-17,0,0.0
2022-07-17,1,0.0
2022-07-17,2,0.0
2022-07-17,3,0.0
2022-07-17,4,0.0
2022-07-17,5,0.0
2022-07-17,6,0.0
2022-07-17,7,0.0
2022-07-17,8,0.0
2022-07-17,9,0.0
2022-07-17,10,0.0
2022-07-17,11,0.0
2022-07-17,12,0.0
2022-07-17,13,0.0
2022-07-17,14,0.0
2022-07-17,15,0.0
2022-07-17,16,13.25
2022-07-17,17,1.0
2022-07-17,18,0.0
2022-07-17,19,0.0
2022-07-17,20,0.0
2022-07-17,21,0.0
2022-07-17,22,0.0
2022-07-17,23,0.0
2022-07-18,0,0.0
2022-07-18,1,0.25
2022-07-18,2,0.25
2022-07-18,3,0.25
2022-07-18,4,0.5
2022-07-18,5,0.0
2022-07-18,6,0.5
2022-07-18,7,0.75
2022-07-18,8,0.75
2022-07-18,9,0.25
2022-07-18,10,0.25
2022-07-18,11,0.75
2022-07-18,12,0.5
2022-07-18,13,0.0
2022-07-18,14,0.5
2022-07-18,15,1.0
2022-07-18,16,1.75
2022-07-18,17,2.0
2022-07-18,18,1.0
2022-07-18,19,0.5
2022-07-18,20,0.5
2022-07-18,21,0.25
2022-07-18,22,0.25
2022-07-18,23,0.0
2022-07-19,0,0.0
2022-07-19,1,0.0
2022-07-19,2,0.0
2022-07-19,3,0.0
2022-07-19,4,0.0
2022-07-19,5,0.0
2022-07-19,6,0.75
2022-07-19,7,1.5
2022-07-19,8,0.0
2022-07-19,9,0.0
2022-07-19,10,0.0
2022-07-19,11,0.0
2022-07-19,12,0.0
2022-07-19,13,0.75
2022-07-19,14,1.75
2022-07-19,15,1.75
2022-07-19,16,4.5
2022-07-19,17,0.75
2022-07-19,18,0.0
2022-07-19,19,0.0
2022-07-19,20,0.0
2022-07-19,21,0.0
2022-07-19,22,0.0
2022-07-19,23,0.0
2022-07-20,0,0.0
2022-07-20,1,0.0
2022-07-20,2,0.0
2022-07-20,3,0.0
2022-07-20,4,0.0
2022-07-20,5,0.0
2022-07-20,6,0.0
2022-07-20,7,0.0
2022-07-20,8,0.0
2022-07-20,9,0.0
2022-07-20,10,0.0
2022-07-20,11,0.0
2022-07-20,12,0.0
2022-07-20,13,0.0
2022-07-20,14,0.0
2022-07-20,15,0.0
2022-07-20,16,0.5
2022-07-20,17,1.25
2022-07-20,18,0.0
2022-07-20,19,0.0
2022-07-20,20,0.0
2022-07-20,21,0.0
2022-07-20,22,0.0
2022-07-20,23,0.0
2022-07-21,0,0.0
2022-07-21,1,0.0
2022-07-21,2,0.0
2022-07-21,3,0.0
2022-07-21,4,0.0
2022-07-21,5,0.0
2022-07-21,6,0.0
2022-07-21,7,0.0
2022-07-21,8,0.0
2022-07-21,9,0.0
2022-07-21,10,0.0
2022-07-21,11,0.25
2022-07-21,12,0.0
2022-07-21,13,0.0
2022-07-21,14,0.0
2022-07-21,15,0.0
2022-07-21,16,0.0
2022-07-21,17,0.0
2022-07-21,18,0.0
2022-07-21,19,0.0
2022-07-21,20,0.0
2022-07-21,21,0.0
2022-07-21,22,0.0
2022-07-21,23,0.0
2022-07-22,0,0.0
2022-07-22,1,0.0
2022-07-22,2,0.0
2022-07-22,3,0.0
2022-07-22,4,0.0
2022-07-22,5,0.0
2022-07-22,6,0.0
2022-07-22,7,0.0
2022-07-22,8,0.0
2022-07-22,9,0.0
2022-07-22,10,0.0
2022-07-22,11,0.0
2022-07-22,12,0.0
2022-07-22,13,0.0
2022-07-22,14,0.0
2022-07-22,15,0.0
2022-07-22,16,0.5
2022-07-22,17,0.0
2022-07-22,18,0.0
2022-07-22,19,0.0
2022-07-22,20,0.0
2022-07-22,21,0.0
2022-07-22,22,0.0
2022-07-22,23,0.0
2022-07-23,0,0.0
2022-07-23,1,0.0
2022-07-23,2,0.0
2022-07-23,3,0.0
2022-07-23,4,0.0
2022-07-23,5,0.0
2022-07-23,6,0.0
2022-07-23,7,0.0
2022-07-23,8,0.0
2022-07-23,9,0.0
2022-07-23,10,0.0
2022-07-23,11,0.0
2022-07-23,12,0.0
2022-07-23,13,0.0
2022-07-23,14,0.0
2022-07-23,15,0.5
2022-07-23,16,0.25
2022-07-23,17,0.5
2022-07-23,18,0.25
2022-07-23,19,0.25
2022-07-23,20,0.75
2022-07-23,21,0.0
2022-07-23,22,0.0
2022-07-23,23,0.75
2022-07-24,0,0.75
2022-07-24,1,0.5
2022-07-24,2,0.0
2022-07-24,3,0.0
2022-07-24,4,0.25
2022-07-24,5,1.25
2022-07-24,6,1.75
2022-07-24,7,1.0
2022-07-24,8,0.25
2022-07-24,9,0.0
2022-07-24,10,0.5
2022-07-24,11,0.0
2022-07-24,12,0.0
2022-07-24,13,0.0
2022-07-24,14,0.0
2022-07-24,15,0.0
2022-07-24,16,0.0
2022-07-24,17,0.0
2022-07-24,18,0.0
2022-07-24,19,0.0
2022-07-24,20,0.0
2022-07-24,21,0.0
2022-07-24,22,0.0
2022-07-24,23,0.0
2022-07-25,0,0.0
2022-07-25,1,0.0
2022-07-25,2,0.0
2022-07-25,3,0.0
2022-07-25,4,0.0
2022-07-25,5,0.0
2022-07-25,6,0.0
2022-07-25,7,0.0
2022-07-25,8,0.0
2022-07-25,9,0.0
2022-07-25,10,0.0
2022-07-25,11,0.0
2022-07-25,12,0.0
2022-07-25,13,0.0
2022-07-25,14,0.0
2022-07-25,15,0.0
2022-07-25,16,0.5
2022-07-25,17,0.0
2022-07-25,18,0.0
2022-07-25,19,0.0
2022-07-25,20,0.0
2022-07-25,21,0.0
2022-07-25,22,0.0
2022-07-25,23,0.0
2022-07-26,0,0.0
2022-07-26,1,0.0
2022-07-26,2,0.0
2022-07-26,3,0.0
2022-07-26,4,0.0
2022-07-26,5,0.0
2022-07-26,6,0.0
2022-07-26,7,0.0
2022-07-26,8,0.0
2022-07-26,9,0.0
2022-07-26,10,0.0
2022-07-26,11,0.0
2022-07-26,12,0.0
2022-07-26,13,0.0
2022-07-26,14,0.0
2022-07-26,15,0.0
2022-07-26,16,0.0
2022-07-26,17,0.0
2022-07-26,18,0.0
2022-07-26,19,0.0
2022-07-26,20,0.0
2022-07-26,21,0.25
2022-07-26,22,1.0
2022-07-26,23,1.75
2022-07-27,0,1.75
2022-07-27,1,1.5
2022-07-27,2,0.5
2022-07-27,3,0.25
2022-07-27,4,0.0
2022-07-27,5,0.0
2022-07-27,6,0.0
2022-07-27,7,0.0
2022-07-27,8,0.0
2022-07-27,9,0.0
2022-07-27,10,0.0
2022-07-27,11,0.0
2022-07-27,12,0.0
2022-07-27,13,0.0
2022-07-27,14,0.0
2022-07-27,15,0.0
2022-07-27,16,0.0
2022-07-27,17,0.0
2022-07-27,18,0.0
2022-07-27,19,0.0
2022-07-27,20,0.5
2022-07-27,21,22.5
2022-07-27,22,6.0
2022-07-27,23,0.25
2022-07-28,0,0.0
2022-07-28,1,0.0
2022-07-28,2,0.0
2022-07-28,3,0.0
2022-07-28,4,0.0
2022-07-28,5,0.0
2022-07-28,6,0.0
2022-07-28,7,0.0
2022-07-28,8,0.0
2022-07-28,9,0.0
2022-07-28,10,0.0
2022-07-28,11,0.0
2022-07-28,12,0.0
2022-07-28,13,0.0
2022-07-28,14,0.0
2022-07-28,15,0.0
2022-07-28,16,0.0
2022-07-28,17,0.0
2022-07-28,18,0.0
2022-07-28,19,0.0
2022-07-28,20,0.0
2022-07-28,21,0.0
2022-07-28,22,0.0
2022-07-28,23,0.0
2022-07-29,0,0.0
2022-07-29,1,0.0
2022-07-29,2,0.0
2022-07-29,3,0.0
2022-07-29,4,0.0
2022-07-29,5,0.0
2022-07-29,6,0.0
2022-07-29,7,0.0
2022-07-29,8,0.0
2022-07-29,9,0.0
2022-07-29,10,0.0
2022-07-29,11,0.0
2022-07-29,12,0.0
2022-07-29,13,0.0
2022-07-29,14,0.0
2022-07-29,15,0.0
2022-07-29,16,0.0
2022-07-29,17,0.0
2022-07-29,18,0.0
2022-07-29,19,0.5
2022-07-29,20,0.0
2022-07-29,21,1.0
2022-07-29,22,0.0
2022-07-29,23,0.0
2022-07-30,0,0.0
2022-07-30,1,0.0
2022-07-30,2,0.0
2022-07-30,3,0.0
2022-07-30,4,0.0
2022-07-30,5,0.0
2022-07-30,6,0.0
2022-07-30,7,0.0
2022-07-30,8,0.0
2022-07-30,9,0.0
2022-07-30,10,0.0
2022-07-30,11,0.0
2022-07-30,12,0.0
2022-07-30,13,0.0
2022-07-30,14,0.0
2022-07-30,15,0.0
2022-07-30,16,0.0
2022-07-30,17,0.0
2022-07-30,18,0.0
2022-07-30,19,0.0
2022-07-30,20,0.0
2022-07-30,21,0.0
2022-07-30,22,0.0
2022-07-30,23,0.0
2022-07-31,0,0.0
2022-07-31,1,0.0
2022-07-31,2,0.0
2022-07-31,3,0.0
2022-07-31,4,0.0
2022-07-31,5,0.0
2022-07-31,6,0.0
2022-07-31,7,0.0
2022-07-31,8,0.0
2022-07-31,9,0.0
2022-07-31,10,0.0
2022-07-31,11,0.0
2022-07-31,12,0.0
2022-07-31,13,0.0
2022-07-31,14,0.0
2022-07-31,15,0.0
2022-07-31,16,0.0
2022-07-31,17,0.0
2022-07-31,18,0.0
2022-07-31,19,0.0
2022-07-31,20,0.0
2022-07-31,21,0.0
2022-07-31,22,0.0
2022-07-31,23,0.0
2022-08-01,0,0.0
2022-08-01,1,0.0
2022-08-01,2,0.0
2022-08-01,3,0.0
2022-08-01,4,0.0
2022-08-01,5,0.0
2022-08-01,6,0.0
2022-08-01,7,0.0
2022-08-01,8,0.0
2022-08-01,9,0.0
2022-08-01,10,0.0
2022-08-01,11,0.0
2022-08-01,12,0.0
2022-08-01,13,0.0
2022-08-01,14,0.0
2022-08-01,15,0.0
2022-08-01,16,0.0
2022-08-01,17,0.0
2022-08-01,18,0.0
2022-08-01,19,0.0
2022-08-01,20,0.0
2022-08-01,21,0.0
2022-08-01,22,0.0
2022-08-01,23,0.0
2022-08-02,0,0.0
2022-08-02,1,0.0
2022-08-02,2,0.0
2022-08-02,3,0.0
2022-08-02,4,0.0
2022-08-02,5,0.0
2022-08-02,6,0.0
2022-08-02,7,0.0
2022-08-02,8,0.0
2022-08-02,9,0.0
2022-08-02,10,0.0
2022-08-02,11,0.0
2022-08-02,12,0.0
2022-08-02,13,0.0
2022-08-02,14,0.0
2022-08-02,15,0.0
2022-08-02,16,0.0
2022-08-02,17,0.0
2022-08-02,18,0.0
2022-08-02,19,0.0
2022-08-02,20,0.0
2022-08-02,21,0.0
2022-08-02,22,0.0
2022-08-02,23,0.0
2022-08-03,0,0.0
2022-08-03,1,0.0
2022-08-03,2,0.0
2022-08-03,3,0.0
2022-08-03,4,0.0
2022-08-03,5,0.0
2022-08-03,6,0.0
2022-08-03,7,0.0
2022-08-03,8,0.0
2022-08-03,9,0.0
2022-08-03,10,0.0
2022-08-03,11,0.0
2022-08-03,12,0.0
2022-08-03,13,0.0
2022-08-03,14,0.0
2022-08-03,15,0.0
2022-08-03,16,0.0
2022-08-03,17,0.0
2022-08-03,18,0.0
2022-08-03,19,0.0
2022-08-03,20,0.0
2022-08-03,21,0.0
2022-08-03,22,0.0
2022-08-03,23,0.0
2022-08-04,0,0.0
2022-08-04,1,0.0
2022-08-04,2,0.0
2022-08-04,3,0.0
2022-08-04,4,0.0
2022-08-04,5,0.0
2022-08-04,6,0.0
2022-08-04,7,0.0
2022-08-04,8,0.0
2022-08-04,9,0.0
2022-08-04,10,0.0
2022-08-04,11,0.0
2022-08-04,12,0.0
2022-08-04,13,0.0
2022-08-04,14,0.0
2022-08-04,15,0.0
2022-08-04,16,0.0
2022-08-04,17,0.0
2022-08-04,18,0.0
2022-08-04,19,6.5
2022-08-04,20,0.0
2022-08-04,21,0.25
2022-08-04,22,0.0
2022-08-04,23,0.0
2022-08-05,0,0.25
2022-08-05,1,0.25
2022-08-05,2,0.0
2022-08-05,3,0.0
2022-08-05,4,0.0
2022-08-05,5,0.0
2022-08-05,6,0.0
2022-08-05,7,0.0
2022-08-05,8,0.0
2022-08-05,9,0.0
2022-08-05,10,0.0
2022-08-05,11,0.0
2022-08-05,12,0.0
2022-08-05,13,0.0
2022-08-05,14,0.0
2022-08-05,15,0.0
2022-08-05,16,0.0
2022-08-05,17,0.0
2022-08-05,18,0.0
2022-08-05,19,0.0
2022-08-05,20,0.0
2022-08-05,21,0.0
2022-08-05,22,0.0
2022-08-05,23,0.0
2022-08-06,0,0.0
2022-08-06,1,0.0
2022-08-06,2,0.0
2022-08-06,3,0.0
2022-08-06,4,0.0
2022-08-06,5,0.0
2022-08-06,6,0.0
2022-08-06,7,0.0
2022-08-06,8,0.0
2022-08-06,9,0.0
2022-08-06,10,0.0
2022-08-06,11,0.0
2022-08-06,12,0.0
2022-08-06,13,0.0
2022-08-06,14,0.0
2022-08-06,15,0.0
2022-08-06,16,0.0
2022-08-06,17,0.0
2022-08-06,18,0.0
2022-08-06,19,0.0
2022-08-06,20,0.0
2022-08-06,21,0.0
2022-08-06,22,0.0
2022-08-06,23,0.0
2022-08-07,0,0.0
2022-08-07,1,0.0
2022-08-07,2,0.0
2022-08-07,3,0.0
2022-08-07,4,0.0
2022-08-07,5,0.0
2022-08-07,6,0.0
2022-08-07,7,0.0
2022-08-07,8,0.0
2022-08-07,9,0.0
2022-08-07,10,0.0
2022-08-07,11,0.0
2022-08-07,12,0.0
2022-08-07,13,0.0
2022-08-07,14,0.0
2022-08-07,15,0.0
2022-08-07,16,0.0
2022-08-07,17,0.0
2022-08-07,18,0.0
2022-08-07,19,0.0
2022-08-07,20,0.0
2022-08-07,21,0.0
2022-08-07,22,0.0
2022-08-07,23,0.0
2022-08-08,0,0.0
2022-08-08,1,0.0
2022-08-08,2,0.0
2022-08-08,3,0.0
2022-08-08,4,1.0
2022-08-08,5,1.75
2022-08-08,6,0.0
2022-08-08,7,0.0
2022-08-08,8,0.0
2022-08-08,9,0.0
2022-08-08,10,0.0
2022-08-08,11,0.0
2022-08-08,12,0.0
2022-08-08,13,0.0
2022-08-08,14,0.0
2022-08-08,15,0.0
2022-08-08,16,15.5
2022-08-08,17,3.0
2022-08-08,18,1.75
2022-08-08,19,2.5
2022-08-08,20,0.5
2022-08-08,21,0.0
2022-08-08,22,0.0
2022-08-08,23,0.0
2022-08-09,0,0.0
2022-08-09,1,0.0
2022-08-09,2,0.0
2022-08-09,3,0.0
2022-08-09,4,0.0
2022-08-09,5,0.0
2022-08-09,6,0.0
2022-08-09,7,0.0
2022-08-09,8,0.0
2022-08-09,9,0.0
2022-08-09,10,0.0
2022-08-09,11,0.0
2022-08-09,12,0.0
2022-08-09,13,0.0
2022-08-09,14,0.0
2022-08-09,15,0.0
2022-08-09,16,0.5
2022-08-09,17,0.0
2022-08-09,18,0.0
2022-08-09,19,0.0
2022-08-09,20,0.0
2022-08-09,21,0.0
2022-08-09,22,0.0
2022-08-09,23,0.0
2022-08-10,0,0.0
2022-08-10,1,0.0
2022-08-10,2,0.0
2022-08-10,3,0.0
2022-08-10,4,0.0
2022-08-10,5,0.0
2022-08-10,6,0.0
2022-08-10,7,0.0
2022-08-10,8,0.0
2022-08-10,9,0.0
2022-08-10,10,0.0
2022-08-10,11,0.0
2022-08-10,12,0.0
2022-08-10,13,0.0
2022-08-10,14,0.25
2022-08-10,15,0.75
2022-08-10,16,0.75
2022-08-10,17,0.75
2022-08-10,18,0.0
2022-08-10,19,0.0
2022-08-10,20,0.25
2022-08-10,21,0.25
2022-08-10,22,0.0
2022-08-10,23,0.0
2022-08-11,0,0.0
2022-08-11,1,0.0
2022-08-11,2,0.0
2022-08-11,3,0.0
2022-08-11,4,0.25
2022-08-11,5,0.0
2022-08-11,6,0.0
2022-08-11,7,0.0
2022-08-11,8,0.0
2022-08-11,9,0.0
2022-08-11,10,0.0
2022-08-11,11,0.0
2022-08-11,12,0.0
2022-08-11,13,0.0
2022-08-11,14,0.0
2022-08-11,15,0.0
2022-08-11,16,0.0
2022-08-11,17,0.0
2022-08-11,18,0.0
2022-08-11,19,0.0
2022-08-11,20,0.0
2022-08-11,21,0.0
2022-08-11,22,0.0
2022-08-11,23,0.0
2022-08-12,0,0.0
2022-08-12,1,0.0
2022-08-12,2,0.0
2022-08-12,3,0.0
2022-08-12,4,0.0
2022-08-12,5,0.0
2022-08-12,6,0.0
2022-08-12,7,0.0
2022-08-12,8,0.0
2022-08-12,9,0.0
2022-08-12,10,0.0
2022-08-12,11,0.0
2022-08-12,12,0.0
2022-08-12,13,1.25
2022-08-12,14,0.0
2022-08-12,15,0.0
2022-08-12,16,0.0
2022-08-12,17,0.0
2022-08-12,18,0.0
2022-08-12,19,0.0
2022-08-12,20,0.0
2022-08-12,21,0.0
2022-08-12,22,0.0
2022-08-12,23,0.0
2022-08-13,0,0.0
2022-08-13,1,0.0
2022-08-13,2,0.0
2022-08-13,3,0.0
2022-08-13,4,0.0
2022-08-13,5,0.0
2022-08-13,6,0.0
2022-08-13,7,0.0
2022-08-13,8,0.0
2022-08-13,9,0.0
2022-08-13,10,0.0
2022-08-13,11,0.0
2022-08-13,12,0.0
2022-08-13,13,0.0
2022-08-13,14,0.0
2022-08-13,15,0.0
2022-08-13,16,0.0
2022-08-13,17,0.0
2022-08-13,18,0.0
2022-08-13,19,0.0
2022-08-13,20,0.0
2022-08-13,21,0.0
2022-08-13,22,0.0
2022-08-13,23,0.0
2022-08-14,0,0.0
2022-08-14,1,0.0
2022-08-14,2,0.0
2022-08-14,3,0.0
2022-08-14,4,0.0
2022-08-14,5,0.0
2022-08-14,6,0.0
2022-08-14,7,0.0
2022-08-14,8,0.0
2022-08-14,9,0.0
2022-08-14,10,0.0
2022-08-14,11,0.0
2022-08-14,12,0.0
2022-08-14,13,0.0
2022-08-14,14,0.0
2022-08-14,15,0.0
2022-08-14,16,0.0
2022-08-14,17,0.0
2022-08-14,18,0.0
2022-08-14,19,0.0
2022-08-14,20,0.0
2022-08-14,21,0.0
2022-08-14,22,0.0
2022-08-14,23,0.0
2022-08-15,0,0.0
2022-08-15,1,0.0
2022-08-15,2,0.0
2022-08-15,3,0.0
2022-08-15,4,0.0
2022-08-15,5,0.0
2022-08-15,6,0.0
2022-08-15,7,0.0
2022-08-15,8,0.0
2022-08-15,9,0.5
2022-08-15,10,0.0
2022-08-15,11,0.0
2022-08-15,12,0.25
2022-08-15,13,2.75
2022-08-15,14,0.25
2022-08-15,15,0.0
2022-08-15,16,0.25
2022-08-15,17,0.0
2022-08-15,18,0.0
2022-08-15,19,0.0
2022-08-15,20,0.0
2022-08-15,21,0.25
2022-08-15,22,0.0
2022-08-15,23,0.0
2022-08-16,0,0.0
2022-08-16,1,0.0
2022-08-16,2,0.0
2022-08-16,3,0.0
2022-08-16,4,0.0
2022-08-16,5,0.0
2022-08-16,6,0.0
2022-08-16,7,0.0
2022-08-16,8,0.0
2022-08-16,9,0.0
2022-08-16,10,0.0
2022-08-16,11,0.0
2022-08-16,12,0.0
2022-08-16,13,0.0
2022-08-16,14,0.0
2022-08-16,15,0.0
2022-08-16,16,0.0
2022-08-16,17,0.0
2022-08-16,18,0.0
2022-08-16,19,0.0
2022-08-16,20,0.0
2022-08-16,21,0.0
2022-08-16,22,0.0
2022-08-16,23,0.0
2022-08-17,0,0.0
2022-08-17,1,0.0
2022-08-17,2,0.0
2022-08-17,3,0.0
2022-08-17,4,0.0
2022-08-17,5,0.0
2022-08-17,6,0.0
2022-08-17,7,0.0
2022-08-17,8,0.0
2022-08-17,9,0.0
2022-08-17,10,0.0
2022-08-17,11,0.0
2022-08-17,12,0.0
2022-08-17,13,0.0
2022-08-17,14,0.0
2022-08-17,15,0.0
2022-08-17,16,0.0
2022-08-17,17,0.0
2022-08-17,18,0.0
2022-08-17,19,0.0
2022-08-17,20,0.0
2022-08-17,21,0.0
2022-08-17,22,0.0
2022-08-17,23,0.0
2022-08-18,0,0.0
2022-08-18,1,0.0
2022-08-18,2,0.0
2022-08-18,3,0.0
2022-08-18,4,0.0
2022-08-18,5,0.0
2022-08-18,6,0.0
2022-08-18,7,0.0
2022-08-18,8,0.0
2022-08-18,9,0.0
2022-08-18,10,0.0
2022-08-18,11,0.0
2022-08-18,12,0.0
2022-08-18,13,0.0
2022-08-18,14,0.0
2022-08-18,15,0.0
2022-08-18,16,0.0
2022-08-18,17,0.0
2022-08-18,18,1.25
2022-08-18,19,0.0
2022-08-18,20,0.0
2022-08-18,21,0.0
2022-08-18,22,0.0
2022-08-18,23,0.0
2022-08-19,0,0.0
2022-08-19,1,0.0
2022-08-19,2,0.0
2022-08-19,3,0.0
2022-08-19,4,0.0
2022-08-19,5,0.0
2022-08-19,6,0.0
2022-08-19,7,0.0
2022-08-19,8,0.0
2022-08-19,9,0.0
2022-08-19,10,0.0
2022-08-19,11,0.0
2022-08-19,12,0.0
2022-08-19,13,0.0
2022-08-19,14,0.0
2022-08-19,15,0.0
2022-08-19,16,0.0
2022-08-19,17,0.0
2022-08-19,18,0.0
2022-08-19,19,0.0
2022-08-19,20,0.0
2022-08-19,21,0.0
2022-08-19,22,0.0
2022-08-19,23,0.0
2022-08-20,0,0.0
2022-08-20,1,0.0
2022-08-20,2,0.0
2022-08-20,3,0.0
2022-08-20,4,0.0
2022-08-20,5,0.0
2022-08-20,6,0.0
2022-08-20,7,0.0
2022-08-20,8,0.0
2022-08-20,9,0.0
2022-08-20,10,0.0
2022-08-20,11,0.0
2022-08-20,12,0.0
2022-08-20,13,0.0
2022-08-20,14,0.0
2022-08-20,15,0.0
2022-08-20,16,0.0
2022-08-20,17,0.0
2022-08-20,18,0.0
2022-08-20,19,0.0
2022-08-20,20,0.0
2022-08-20,21,0.0
2022-08-20,22,0.0
2022-08-20,23,0.0
2022-08-21,0,0.0
2022-08-21,1,0.0
2022-08-21,2,0.0
2022-08-21,3,0.0
2022-08-21,4,0.0
2022-08-21,5,0.0
2022-08-21,6,0.0
2022-08-21,7,0.0
2022-08-21,8,0.0
2022-08-21,9,0.0
2022-08-21,10,0.0
2022-08-21,11,0.0
2022-08-21,12,0.0
2022-08-21,13,0.0
2022-08-21,14,0.0
2022-08-21,15,0.0
2022-08-21,16,0.0
2022-08-21,17,0.0
2022-08-21,18,0.0
2022-08-21,19,0.0
2022-08-21,20,0.0
2022-08-21,21,0.0
2022-08-21,22,0.0
2022-08-21,23,0.0
2022-08-22,0,0.0
2022-08-22,1,0.0
2022-08-22,2,0.0
2022-08-22,3,0.0
2022-08-22,4,0.0
2022-08-22,5,0.0
2022-08-22,6,0.0
2022-08-22,7,0.0
2022-08-22,8,0.0
2022-08-22,9,0.0
2022-08-22,10,0.0
2022-08-22,11,0.0
2022-08-22,12,0.0
2022-08-22,13,0.0
2022-08-22,14,0.75
2022-08-22,15,0.5
2022-08-22,16,0.25
2022-08-22,17,0.0
2022-08-22,18,0.5
2022-08-22,19,0.0
2022-08-22,20,0.0
2022-08-22,21,0.0
2022-08-22,22,0.0
2022-08-22,23,0.0
2022-08-23,0,0.0
2022-08-23,1,0.0
2022-08-23,2,0.0
2022-08-23,3,0.0
2022-08-23,4,0.0
2022-08-23,5,0.0
2022-08-23,6,0.0
2022-08-23,7,0.0
2022-08-23,8,0.0
2022-08-23,9,0.0
2022-08-23,10,0.0
2022-08-23,11,0.0
2022-08-23,12,0.0
2022-08-23,13,0.0
2022-08-23,14,0.0
2022-08-23,15,0.0
2022-08-23,16,0.0
2022-08-23,17,0.0
2022-08-23,18,0.0
2022-08-23,19,0.0
2022-08-23,20,0.0
2022-08-23,21,0.0
2022-08-23,22,0.0
2022-08-23,23,0.0
2022-08-24,0,0.0
2022-08-24,1,0.0
2022-08-24,2,0.0
2022-08-24,3,0.0
2022-08-24,4,0.0
2022-08-24,5,0.0
2022-08-24,6,0.0
2022-08-24,7,0.0
2022-08-24,8,0.0
2022-08-24,9,0.0
2022-08-24,10,0.0
2022-08-24,11,0.0
2022-08-24,12,0.0
2022-08-24,13,0.0
2022-08-24,14,0.0
2022-08-24,15,0.0
2022-08-24,16,0.0
2022-08-24,17,0.0
2022-08-24,18,0.0
2022-08-24,19,0.0
2022-08-24,20,0.0
2022-08-24,21,0.0
2022-08-24,22,0.0
2022-08-24,23,0.0
2022-08-25,0,0.0
2022-08-25,1,0.0
2022-08-25,2,0.0
2022-08-25,3,0.0
2022-08-25,4,0.0
2022-08-25,5,0.0
2022-08-25,6,0.0
2022-08-25,7,0.0
2022-08-25,8,0.0
2022-08-25,9,0.0
2022-08-25,10,0.0
2022-08-25,11,0.0
2022-08-25,12,0.0
2022-08-25,13,0.0
2022-08-25,14,0.0
2022-08-25,15,0.0
2022-08-25,16,0.0
2022-08-25,17,0.0
2022-08-25,18,0.0
2022-08-25,19,0.0
2022-08-25,20,0.0
2022-08-25,21,0.25
2022-08-25,22,1.0
2022-08-25,23,0.0
2022-08-26,0,0.0
2022-08-26,1,0.0
2022-08-26,2,0.0
2022-08-26,3,0.0
2022-08-26,4,0.0
2022-08-26,5,0.0
2022-08-26,6,0.0
2022-08-26,7,0.0
2022-08-26,8,0.0
2022-08-26,9,0.0
2022-08-26,10,0.0
2022-08-26,11,0.0
2022-08-26,12,0.0
2022-08-26,13,0.0
2022-08-26,14,0.0
2022-08-26,15,0.0
2022-08-26,16,0.0
2022-08-26,17,0.0
2022-08-26,18,0.0
2022-08-26,19,0.0
2022-08-26,20,0.0
2022-08-26,21,0.0
2022-08-26,22,0.0
2022-08-26,23,0.0
2022-08-27,0,0.0
2022-08-27,1,0.0
2022-08-27,2,0.0
2022-08-27,3,0.0
2022-08-27,4,0.0
2022-08-27,5,0.0
2022-08-27,6,0.0
2022-08-27,7,0.0
2022-08-27,8,0.0
2022-08-27,9,0.0
2022-08-27,10,0.0
2022-08-27,11,0.0
2022-08-27,12,0.0
2022-08-27,13,0.0
2022-08-27,14,0.0
2022-08-27,15,0.0
2022-08-27,16,0.0
2022-08-27,17,0.0
2022-08-27,18,0.0
2022-08-27,19,0.0
2022-08-27,20,0.0
2022-08-27,21,0.0
2022-08-27,22,0.0
2022-08-27,23,0.0
2022-08-28,0,0.0
2022-08-28,1,0.0
2022-08-28,2,0.0
2022-08-28,3,0.0
2022-08-28,4,0.0
2022-08-28,5,0.0
2022-08-28,6,0.0
2022-08-28,7,0.0
2022-08-28,8,0.0
2022-08-28,9,0.0
2022-08-28,10,0.0
2022-08-28,11,0.0
2022-08-28,12,0.0
2022-08-28,13,0.0
2022-08-28,14,0.0
2022-08-28,15,0.0
2022-08-28,16,0.0
2022-08-28,17,0.0
2022-08-28,18,0.0
2022-08-28,19,0.0
2022-08-28,20,0.0
2022-08-28,21,0.0
2022-08-28,22,0.0
2022-08-28,23,0.0
2022-08-29,0,0.0
2022-08-29,1,0.0
2022-08-29,2,0.0
2022-08-29,3,0.0
2022-08-29,4,0.0
2022-08-29,5,0.0
2022-08-29,6,0.0
2022-08-29,7,0.0
2022-08-29,8,0.0
2022-08-29,9,0.0
2022-08-29,10,0.0
2022-08-29,11,0.0
2022-08-29,12,0.0
2022-08-29,13,0.0
2022-08-29,14,0.0
2022-08-29,15,0.0
2022-08-29,16,0.0
2022-08-29,17,0.0
2022-08-29,18,0.0
2022-08-29,19,0.0
2022-08-29,20,0.0
2022-08-29,21,0.0
2022-08-29,22,0.0
2022-08-29,23,0.0
2022-08-30,0,0.0
2022-08-30,1,0.0
2022-08-30,2,0.0
2022-08-30,3,0.0
2022-08-30,4,0.0
2022-08-30,5,0.0
2022-08-30,6,0.0
2022-08-30,7,0.0
2022-08-30,8,0.0
2022-08-30,9,0.0
2022-08-30,10,0.0
2022-08-30,11,0.0
2022-08-30,12,0.0
2022-08-30,13,0.0
2022-08-30,14,17.0
2022-08-30,15,0.25
2022-08-30,16,0.0
2022-08-30,17,0.0
2022-08-30,18,0.0
2022-08-30,19,0.0
2022-08-30,20,0.0
2022-08-30,21,0.0
2022-08-30,22,0.0
2022-08-30,23,0.0
2022-08-31,0,0.0
2022-08-31,1,0.0
2022-08-31,2,0.0
2022-08-31,3,0.0
2022-08-31,4,0.0
2022-08-31,5,0.0
2022-08-31,6,0.0
2022-08-31,7,0.0
2022-08-31,8,0.0
2022-08-31,9,0.0
2022-08-31,10,0.0
2022-08-31,11,0.0
2022-08-31,12,0.0
2022-08-31,13,0.0
2022-08-31,14,0.0
2022-08-31,15,0.0
2022-08-31,16,0.0
2022-08-31,17,0.0
2022-08-31,18,0.0
2022-08-31,19,0.0
2022-08-31,20,0.0
2022-08-31,21,0.0
2022-08-31,22,0.0
2022-08-31,23,0.0
2022-09-01,0,0.0
2022-09-01,1,0.0
2022-09-01,2,8.75
2022-09-01,3,22.75
2022-09-01,4,0.5
2022-09-01,5,0.0
2022-09-01,6,0.0
2022-09-01,7,0.0
2022-09-01,8,0.0
2022-09-01,9,0.0
2022-09-01,10,0.0
2022-09-01,11,0.0
2022-09-01,12,0.0
2022-09-01,13,0.0
2022-09-01,14,0.0
2022-09-01,15,0.0
2022-09-01,16,0.0
2022-09-01,17,0.0
2022-09-01,18,0.0
2022-09-01,19,0.0
2022-09-01,20,0.25
2022-09-01,21,1.0
2022-09-01,22,0.25
2022-09-01,23,0.0
2022-09-02,0,0.0
2022-09-02,1,0.0
2022-09-02,2,0.0
2022-09-02,3,0.0
2022-09-02,4,0.0
2022-09-02,5,0.0
2022-09-02,6,0.0
2022-09-02,7,0.0
2022-09-02,8,0.0
2022-09-02,9,0.0
2022-09-02,10,0.0
2022-09-02,11,0.0
2022-09-02,12,0.0
2022-09-02,13,0.0
2022-09-02,14,0.0
2022-09-02,15,0.0
2022-09-02,16,0.0
2022-09-02,17,0.0
2022-09-02,18,0.0
2022-09-02,19,0.0
2022-09-02,20,0.0
2022-09-02,21,0.0
2022-09-02,22,0.0
2022-09-02,23,0.0
2022-09-03,0,0.0
2022-09-03,1,0.0
2022-09-03,2,0.0
2022-09-03,3,0.0
2022-09-03,4,0.0
2022-09-03,5,0.0
2022-09-03,6,0.0
2022-09-03,7,0.0
2022-09-03,8,0.0
2022-09-03,9,0.0
2022-09-03,10,0.0
2022-09-03,11,0.0
2022-09-03,12,0.0
2022-09-03,13,0.0
2022-09-03,14,0.0
2022-09-03,15,0.0
2022-09-03,16,0.0
2022-09-03,17,0.0
2022-09-03,18,0.0
2022-09-03,19,0.0
2022-09-03,20,22.75
2022-09-03,21,15.5
2022-09-03,22,0.25
2022-09-03,23,0.0
2022-09-04,0,0.0
2022-09-04,1,0.0
2022-09-04,2,0.0
2022-09-04,3,0.0
2022-09-04,4,0.0
2022-09-04,5,0.0
2022-09-04,6,0.0
2022-09-04,7,0.0
2022-09-04,8,0.0
2022-09-04,9,0.0
2022-09-04,10,0.0
2022-09-04,11,0.0
2022-09-04,12,0.0
2022-09-04,13,0.0
2022-09-04,14,1.75
2022-09-04,15,0.0
2022-09-04,16,4.5
2022-09-04,17,1.5
2022-09-04,18,0.25
2022-09-04,19,0.0
2022-09-04,20,0.0
2022-09-04,21,0.0
2022-09-04,22,0.0
2022-09-04,23,0.0
2022-09-05,0,0.0
2022-09-05,1,0.0
2022-09-05,2,0.0
2022-09-05,3,0.0
2022-09-05,4,0.0
2022-09-05,5,0.0
2022-09-05,6,0.0
2022-09-05,7,0.0
2022-09-05,8,0.0
2022-09-05,9,0.0
2022-09-05,10,0.0
2022-09-05,11,0.0
2022-09-05,12,0.0
2022-09-05,13,0.0
2022-09-05,14,0.0
2022-09-05,15,0.0
2022-09-05,16,0.25
2022-09-05,17,0.25
2022-09-05,18,0.0
2022-09-05,19,0.0
2022-09-05,20,0.0
2022-09-05,21,0.0
2022-09-05,22,0.0
2022-09-05,23,0.0
2022-09-06,0,0.0
2022-09-06,1,0.0
2022-09-06,2,0.0
2022-09-06,3,0.0
2022-09-06,4,0.0
2022-09-06,5,0.0
2022-09-06,6,0.0
2022-09-06,7,0.0
2022-09-06,8,0.0
2022-09-06,9,0.0
2022-09-06,10,0.0
2022-09-06,11,0.0
2022-09-06,12,0.0
2022-09-06,13,0.0
2022-09-06,14,0.0
2022-09-06,15,0.0
2022-09-06,16,0.0
2022-09-06,17,0.0
2022-09-06,18,0.0
2022-09-06,19,0.0
2022-09-06,20,0.0
2022-09-06,21,0.0
2022-09-06,22,0.0
2022-09-06,23,0.0
2022-09-07,0,0.0
2022-09-07,1,0.0
2022-09-07,2,0.0
2022-09-07,3,0.0
2022-09-07,4,0.0
2022-09-07,5,0.0
2022-09-07,6,0.0
2022-09-07,7,0.0
2022-09-07,8,0.0
2022-09-07,9,0.0
2022-09-07,10,0.0
2022-09-07,11,0.0
2022-09-07,12,0.0
2022-09-07,13,0.0
2022-09-07,14,0.0
2022-09-07,15,0.0
2022-09-07,16,1.75
2022-09-07,17,0.0
2022-09-07,18,0.0
2022-09-07,19,0.0
2022-09-07,20,0.0
2022-09-07,21,0.0
2022-09-07,22,0.0
2022-09-07,23,0.0
2022-09-08,0,0.0
2022-09-08,1,0.0
2022-09-08,2,0.0
2022-09-08,3,0.0
2022-09-08,4,0.0
2022-09-08,5,0.0
2022-09-08,6,0.0
2022-09-08,7,0.0
2022-09-08,8,0.0
2022-09-08,9,0.0
2022-09-08,10,0.0
2022-09-08,11,0.0
2022-09-08,12,0.0
2022-09-08,13,0.0
2022-09-08,14,0.0
2022-09-08,15,0.0
2022-09-08,16,0.0
2022-09-08,17,0.0
2022-09-08,18,0.0
2022-09-08,19,0.0
2022-09-08,20,0.0
2022-09-08,21,3.0
2022-09-08,22,0.0
2022-09-08,23,0.0
2022-09-09,0,0.0
2022-09-09,1,0.0
2022-09-09,2,0.0
2022-09-09,3,0.0
2022-09-09,4,0.0
2022-09-09,5,0.0
2022-09-09,6,0.0
2022-09-09,7,0.0
2022-09-09,8,0.0
2022-09-09,9,0.0
2022-09-09,10,0.0
2022-09-09,11,0.0
2022-09-09,12,0.0
2022-09-09,13,0.0
2022-09-09,14,5.75
2022-09-09,15,1.5
2022-09-09,16,3.5
2022-09-09,17,0.0
2022-09-09,18,0.25
2022-09-09,19,0.25
2022-09-09,20,0.0
2022-09-09,21,0.0
2022-09-09,22,0.0
2022-09-09,23,0.0
2022-09-10,0,0.25
2022-09-10,1,0.0
2022-09-10,2,0.0
2022-09-10,3,0.0
2022-09-10,4,0.0
2022-09-10,5,0.0
2022-09-10,6,0.0
2022-09-10,7,0.0
2022-09-10,8,0.0
2022-09-10,9,0.0
2022-09-10,10,0.0
2022-09-10,11,0.0
2022-09-10,12,0.0
2022-09-10,13,0.0
2022-09-10,14,0.0
2022-09-10,15,0.0
2022-09-10,16,0.0
2022-09-10,17,0.0
2022-09-10,18,0.0
2022-09-10,19,0.0
2022-09-10,20,0.0
2022-09-10,21,0.0
2022-09-10,22,0.0
2022-09-10,23,21.75
2022-09-11,0,7.25
2022-09-11,1,0.25
2022-09-11,2,0.0
2022-09-11,3,0.0
2022-09-11,4,0.0
2022-09-11,5,0.0
2022-09-11,6,0.0
2022-09-11,7,0.0
2022-09-11,8,0.0
2022-09-11,9,0.0
2022-09-11,10,0.0
2022-09-11,11,0.0
2022-09-11,12,0.0
2022-09-11,13,0.0
2022-09-11,14,0.0
2022-09-11,15,0.0
2022-09-11,16,0.0
2022-09-11,17,0.5
2022-09-11,18,0.0
2022-09-11,19,0.0
2022-09-11,20,0.0
2022-09-11,21,0.0
2022-09-11,22,0.0
2022-09-11,23,0.25
2022-09-12,0,0.5
2022-09-12,1,1.5
2022-09-12,2,0.25
2022-09-12,3,0.0
2022-09-12,4,0.0
2022-09-12,5,0.0
2022-09-12,6,0.0
2022-09-12,7,0.25
2022-09-12,8,0.0
2022-09-12,9,1.0
2022-09-12,10,1.5
2022-09-12,11,0.75
2022-09-12,12,0.0
2022-09-12,13,0.5
2022-09-12,14,0.0
2022-09-12,15,0.0
2022-09-12,16,0.0
2022-09-12,17,0.0
2022-09-12,18,0.0
2022-09-12,19,0.0
2022-09-12,20,0.0
2022-09-12,21,5.75
2022-09-12,22,2.0
2022-09-12,23,0.25
2022-09-13,0,0.0
2022-09-13,1,0.0
2022-09-13,2,0.0
2022-09-13,3,0.0
2022-09-13,4,0.25
2022-09-13,5,0.0
2022-09-13,6,0.0
2022-09-13,7,0.0
2022-09-13,8,0.0
2022-09-13,9,0.0
2022-09-13,10,0.0
2022-09-13,11,0.0
2022-09-13,12,0.0
2022-09-13,13,0.0
2022-09-13,14,0.0
2022-09-13,15,0.5
2022-09-13,16,0.0
2022-09-13,17,0.0
2022-09-13,18,0.0
2022-09-13,19,1.5
2022-09-13,20,2.75
2022-09-13,21,0.0
2022-09-13,22,0.0
2022-09-13,23,0.0
2022-09-14,0,0.0
2022-09-14,1,0.0
2022-09-14,2,0.0
2022-09-14,3,0.0
2022-09-14,4,0.0
2022-09-14,5,0.0
2022-09-14,6,0.0
2022-09-14,7,0.0
2022-09-14,8,0.0
2022-09-14,9,0.0
2022-09-14,10,0.0
2022-09-14,11,0.0
2022-09-14,12,0.0
2022-09-14,13,0.0
2022-09-14,14,0.0
2022-09-14,15,0.0
2022-09-14,16,0.0
2022-09-14,17,0.75
2022-09-14,18,0.0
2022-09-14,19,0.0
2022-09-14,20,0.0
2022-09-14,21,0.0
2022-09-14,22,0.0
2022-09-14,23,0.0
2022-09-15,0,0.0
2022-09-15,1,0.0
2022-09-15,2,0.0
2022-09-15,3,0.0
2022-09-15,4,0.0
2022-09-15,5,0.0
2022-09-15,6,0.0
2022-09-15,7,0.0
2022-09-15,8,0.0
2022-09-15,9,0.0
2022-09-15,10,0.0
2022-09-15,11,0.0
2022-09-15,12,0.0
2022-09-15,13,0.0
2022-09-15,14,0.0
2022-09-15,15,0.0
2022-09-15,16,0.0
2022-09-15,17,0.0
2022-09-15,18,0.0
2022-09-15,19,0.0
2022-09-15,20,0.0
2022-09-15,21,0.0
2022-09-15,22,0.0
2022-09-15,23,0.0
2022-09-16,0,0.0
2022-09-16,1,0.0
2022-09-16,2,1.5
2022-09-16,3,0.0
2022-09-16,4,0.25
2022-09-16,5,0.0
2022-09-16,6,0.0
2022-09-16,7,0.0
2022-09-16,8,0.0
2022-09-16,9,0.0
2022-09-16,10,0.0
2022-09-16,11,0.0
2022-09-16,12,0.0
2022-09-16,13,0.25
2022-09-16,14,7.0
2022-09-16,15,0.5
2022-09-16,16,0.5
2022-09-16,17,2.25
2022-09-16,18,0.5
2022-09-16,19,0.25
2022-09-16,20,0.0
2022-09-16,21,0.0
2022-09-16,22,0.0
2022-09-16,23,0.0
2022-09-17,0,0.0
2022-09-17,1,0.0
2022-09-17,2,0.0
2022-09-17,3,0.0
2022-09-17,4,0.0
2022-09-17,5,0.0
2022-09-17,6,0.0
2022-09-17,7,0.0
2022-09-17,8,0.0
2022-09-17,9,0.0
2022-09-17,10,0.0
2022-09-17,11,0.0
2022-09-17,12,0.0
2022-09-17,13,0.0
2022-09-17,14,0.75
2022-09-17,15,2.25
2022-09-17,16,0.0
2022-09-17,17,0.5
2022-09-17,18,0.25
2022-09-17,19,0.0
2022-09-17,20,0.0
2022-09-17,21,0.0
2022-09-17,22,0.0
2022-09-17,23,0.0
2022-09-18,0,0.0
2022-09-18,1,0.0
2022-09-18,2,0.0
2022-09-18,3,0.0
2022-09-18,4,0.0
2022-09-18,5,0.0
2022-09-18,6,0.0
2022-09-18,7,0.0
2022-09-18,8,0.0
2022-09-18,9,0.0
2022-09-18,10,0.0
2022-09-18,11,0.0
2022-09-18,12,0.0
2022-09-18,13,0.0
2022-09-18,14,0.0
2022-09-18,15,0.0
2022-09-18,16,0.0
2022-09-18,17,0.0
2022-09-18,18,0.0
2022-09-18,19,15.0
2022-09-18,20,18.5
2022-09-18,21,17.75
2022-09-18,22,5.75
2022-09-18,23,1.75
2022-09-19,0,2.25
2022-09-19,1,0.25
2022-09-19,2,0.25
2022-09-19,3,6.5
2022-09-19,4,0.25
2022-09-19,5,1.5
2022-09-19,6,1.25
2022-09-19,7,0.0
2022-09-19,8,0.0
2022-09-19,9,2.0
2022-09-19,10,5.5
2022-09-19,11,6.25
2022-09-19,12,4.5
2022-09-19,13,5.5
2022-09-19,14,8.0
2022-09-19,15,0.0
2022-09-19,16,0.25
2022-09-19,17,26.5
2022-09-19,18,4.75
2022-09-19,19,2.75
2022-09-19,20,0.75
2022-09-19,21,0.5
2022-09-19,22,0.0
2022-09-19,23,0.0
2022-09-20,0,0.0
2022-09-20,1,0.0
2022-09-20,2,0.0
2022-09-20,3,0.0
2022-09-20,4,0.0
2022-09-20,5,0.0
2022-09-20,6,0.0
2022-09-20,7,0.0
2022-09-20,8,0.0
2022-09-20,9,0.0
2022-09-20,10,0.0
2022-09-20,11,0.0
2022-09-20,12,0.0
2022-09-20,13,0.0
2022-09-20,14,0.0
2022-09-20,15,0.0
2022-09-20,16,0.0
2022-09-20,17,0.0
2022-09-20,18,0.0
2022-09-20,19,0.0
2022-09-20,20,0.0
2022-09-20,21,0.0
2022-09-20,22,0.0
2022-09-20,23,0.0
2022-09-21,0,0.0
2022-09-21,1,0.0
2022-09-21,2,0.0
2022-09-21,3,0.0
2022-09-21,4,0.0
2022-09-21,5,0.0
2022-09-21,6,0.0
2022-09-21,7,0.0
2022-09-21,8,0.0
2022-09-21,9,0.0
2022-09-21,10,0.0
2022-09-21,11,0.0
2022-09-21,12,0.0
2022-09-21,13,0.0
2022-09-21,14,0.0
2022-09-21,15,0.0
2022-09-21,16,0.0
2022-09-21,17,0.0
2022-09-21,18,0.0
2022-09-21,19,0.0
2022-09-21,20,0.0
2022-09-21,21,0.0
2022-09-21,22,0.0
2022-09-21,23,0.0
2022-09-22,0,0.0
2022-09-22,1,0.0
2022-09-22,2,0.0
2022-09-22,3,0.0
2022-09-22,4,0.0
2022-09-22,5,0.0
2022-09-22,6,0.0
2022-09-22,7,0.0
2022-09-22,8,0.0
2022-09-22,9,0.0
2022-09-22,10,0.0
2022-09-22,11,0.0
2022-09-22,12,0.0
2022-09-22,13,0.0
2022-09-22,14,0.0
2022-09-22,15,0.0
2022-09-22,16,1.75
2022-09-22,17,4.25
2022-09-22,18,2.0
2022-09-22,19,0.25
2022-09-22,20,0.0
2022-09-22,21,0.0
2022-09-22,22,0.0
2022-09-22,23,0.0
2022-09-23,0,0.0
2022-09-23,1,0.0
2022-09-23,2,0.0
2022-09-23,3,0.0
2022-09-23,4,0.0
2022-09-23,5,0.0
2022-09-23,6,0.0
2022-09-23,7,0.0
2022-09-23,8,0.0
2022-09-23,9,0.0
2022-09-23,10,0.0
2022-09-23,11,0.0
2022-09-23,12,0.0
2022-09-23,13,0.0
2022-09-23,14,0.0
2022-09-23,15,0.0
2022-09-23,16,0.0
2022-09-23,17,0.0
2022-09-23,18,0.0
2022-09-23,19,0.0
2022-09-23,20,0.0
2022-09-23,21,0.0
2022-09-23,22,0.0
2022-09-23,23,0.0
2022-09-24,0,0.0
2022-09-24,1,0.0
2022-09-24,2,0.0
2022-09-24,3,0.0
2022-09-24,4,0.0
2022-09-24,5,0.0
2022-09-24,6,0.0
2022-09-24,7,0.0
2022-09-24,8,0.0
2022-09-24,9,0.0
2022-09-24,10,0.0
2022-09-24,11,0.0
2022-09-24,12,0.0
2022-09-24,13,0.0
2022-09-24,14,0.0
2022-09-24,15,0.0
2022-09-24,16,0.0
2022-09-24,17,0.0
2022-09-24,18,0.0
2022-09-24,19,0.0
2022-09-24,20,0.0
2022-09-24,21,0.0
2022-09-24,22,0.0
2022-09-24,23,0.0
2022-09-25,0,0.0
2022-09-25,1,0.0
2022-09-25,2,0.0
2022-09-25,3,0.0
2022-09-25,4,0.0
2022-09-25,5,0.0
2022-09-25,6,0.0
2022-09-25,7,0.0
2022-09-25,8,0.0
2022-09-25,9,0.0
2022-09-25,10,0.0
2022-09-25,11,0.0
2022-09-25,12,0.0
2022-09-25,13,0.0
2022-09-25,14,0.0
2022-09-25,15,0.0
2022-09-25,16,0.0
2022-09-25,17,0.0
2022-09-25,18,0.0
2022-09-25,19,0.0
2022-09-25,20,0.0
2022-09-25,21,0.0
2022-09-25,22,0.0
2022-09-25,23,0.0
2022-09-26,0,0.0
2022-09-26,1,0.0
2022-09-26,2,0.0
2022-09-26,3,0.0
2022-09-26,4,0.0
2022-09-26,5,0.0
2022-09-26,6,0.0
2022-09-26,7,0.0
2022-09-26,8,0.0
2022-09-26,9,0.0
2022-09-26,10,0.0
2022-09-26,11,0.0
2022-09-26,12,0.0
2022-09-26,13,0.0
2022-09-26,14,0.0
2022-09-26,15,0.0
2022-09-26,16,0.0
2022-09-26,17,0.0
2022-09-26,18,0.0
2022-09-26,19,0.0
2022-09-26,20,0.0
2022-09-26,21,0.0
2022-09-26,22,0.0
2022-09-26,23,0.0
2022-09-27,0,0.0
2022-09-27,1,0.0
2022-09-27,2,0.0
2022-09-27,3,0.0
2022-09-27,4,0.0
2022-09-27,5,0.0
2022-09-27,6,0.0
2022-09-27,7,0.0
2022-09-27,8,0.0
2022-09-27,9,0.0
2022-09-27,10,0.0
2022-09-27,11,0.0
2022-09-27,12,0.0
2022-09-27,13,0.0
2022-09-27,14,0.0
2022-09-27,15,0.0
2022-09-27,16,0.0
2022-09-27,17,0.0
2022-09-27,18,0.0
2022-09-27,19,0.0
2022-09-27,20,0.0
2022-09-27,21,0.0
2022-09-27,22,0.0
2022-09-27,23,0.0
2022-09-28,0,0.0
2022-09-28,1,0.0
2022-09-28,2,0.0
2022-09-28,3,0.0
2022-09-28,4,0.0
2022-09-28,5,0.0
2022-09-28,6,0.0
2022-09-28,7,0.0
2022-09-28,8,0.0
2022-09-28,9,0.0
2022-09-28,10,0.0
2022-09-28,11,0.0
2022-09-28,12,0.0
2022-09-28,13,0.0
2022-09-28,14,0.0
2022-09-28,15,0.0
2022-09-28,16,0.0
2022-09-28,17,0.0
2022-09-28,18,0.0
2022-09-28,19,0.0
2022-09-28,20,0.0
2022-09-28,21,0.0
2022-09-28,22,0.0
2022-09-28,23,0.0
2022-09-29,0,0.0
2022-09-29,1,0.0
2022-09-29,2,0.0
2022-09-29,3,0.0
2022-09-29,4,0.0
2022-09-29,5,0.0
2022-09-29,6,0.0
2022-09-29,7,0.0
2022-09-29,8,0.0
2022-09-29,9,0.0
2022-09-29,10,0.0
2022-09-29,11,0.0
2022-09-29,12,0.0
2022-09-29,13,0.0
2022-09-29,14,0.0
2022-09-29,15,0.0
2022-09-29,16,0.0
2022-09-29,17,0.0
2022-09-29,18,0.0
2022-09-29,19,0.0
2022-09-29,20,0.0
2022-09-29,21,0.0
2022-09-29,22,0.0
2022-09-29,23,0.0
2022-09-30,0,0.0
2022-09-30,1,0.0
2022-09-30,2,0.0
2022-09-30,3,0.0
2022-09-30,4,0.0
2022-09-30,5,0.0
2022-09-30,6,0.0
2022-09-30,7,0.0
2022-09-30,8,0.0
2022-09-30,9,0.0
2022-09-30,10,0.0
2022-09-30,11,0.0
2022-09-30,12,0.0
2022-09-30,13,0.0
2022-09-30,14,0.0
2022-09-30,15,0.0
2022-09-30,16,0.0
2022-09-30,17,0.0
2022-09-30,18,0.0
2022-09-30,19,0.0
2022-09-30,20,0.0
2022-09-30,21,0.0
2022-09-30,22,0.0
2022-09-30,23,0.0
2022-10-01,0,0.0
2022-10-01,1,0.0
2022-10-01,2,0.0
2022-10-01,3,0.0
2022-10-01,4,0.0
2022-10-01,5,0.0
2022-10-01,6,0.0
2022-10-01,7,0.0
2022-10-01,8,0.0
2022-10-01,9,0.0
2022-10-01,10,0.0
2022-10-01,11,0.0
2022-10-01,12,0.0
2022-10-01,13,0.0
2022-10-01,14,0.0
2022-10-01,15,0.0
2022-10-01,16,0.0
2022-10-01,17,0.0
2022-10-01,18,0.0
2022-10-01,19,0.0
2022-10-01,20,0.0
2022-10-01,21,0.0
2022-10-01,22,0.0
2022-10-01,23,0.0
2022-10-02,0,0.0
2022-10-02,1,0.0
2022-10-02,2,0.0
2022-10-02,3,0.0
2022-10-02,4,0.0
2022-10-02,5,0.0
2022-10-02,6,0.0
2022-10-02,7,0.0
2022-10-02,8,0.0
2022-10-02,9,0.0
2022-10-02,10,0.0
2022-10-02,11,0.0
2022-10-02,12,0.0
2022-10-02,13,0.0
2022-10-02,14,0.0
2022-10-02,15,0.0
2022-10-02,16,0.0
2022-10-02,17,0.0
2022-10-02,18,0.0
2022-10-02,19,0.0
2022-10-02,20,0.0
2022-10-02,21,0.0
2022-10-02,22,0.0
2022-10-02,23,0.0
2022-10-03,0,0.0
2022-10-03,1,0.0
2022-10-03,2,0.0
2022-10-03,3,0.0
2022-10-03,4,0.0
2022-10-03,5,0.0
2022-10-03,6,0.0
2022-10-03,7,0.0
2022-10-03,8,0.0
2022-10-03,9,0.0
2022-10-03,10,0.0
2022-10-03,11,0.0
2022-10-03,12,0.0
2022-10-03,13,0.0
2022-10-03,14,0.0
2022-10-03,15,0.0
2022-10-03,16,0.0
2022-10-03,17,0.0
2022-10-03,18,0.0
2022-10-03,19,0.0
2022-10-03,20,0.0
2022-10-03,21,0.0
2022-10-03,22,0.0
2022-10-03,23,0.0
2022-10-04,0,0.0
2022-10-04,1,0.0
2022-10-04,2,0.0
2022-10-04,3,0.0
2022-10-04,4,0.0
2022-10-04,5,0.0
2022-10-04,6,0.0
2022-10-04,7,0.0
2022-10-04,8,0.0
2022-10-04,9,0.0
2022-10-04,10,0.0
2022-10-04,11,0.0
2022-10-04,12,0.0
2022-10-04,13,0.0
2022-10-04,14,0.0
2022-10-04,15,0.0
2022-10-04,16,0.0
2022-10-04,17,0.0
2022-10-04,18,0.0
2022-10-04,19,0.0
2022-10-04,20,0.0
2022-10-04,21,0.0
2022-10-04,22,0.0
2022-10-04,23,0.0
2022-10-05,0,0.0
2022-10-05,1,0.0
2022-10-05,2,0.0
2022-10-05,3,0.0
2022-10-05,4,0.0
2022-10-05,5,0.0
2022-10-05,6,0.0
2022-10-05,7,0.0
2022-10-05,8,0.0
2022-10-05,9,0.0
2022-10-05,10,0.0
2022-10-05,11,0.0
2022-10-05,12,0.0
2022-10-05,13,0.0
2022-10-05,14,0.0
2022-10-05,15,0.0
2022-10-05,16,0.0
2022-10-05,17,0.0
2022-10-05,18,0.0
2022-10-05,19,0.0
2022-10-05,20,0.0
2022-10-05,21,0.0
2022-10-05,22,0.0
2022-10-05,23,0.0
2022-10-06,0,0.0
2022-10-06,1,0.0
2022-10-06,2,0.0
2022-10-06,3,0.0
2022-10-06,4,0.0
2022-10-06,5,0.0
2022-10-06,6,0.0
2022-10-06,7,0.0
2022-10-06,8,0.0
2022-10-06,9,0.0
2022-10-06,10,0.0
2022-10-06,11,0.0
2022-10-06,12,0.0
2022-10-06,13,0.0
2022-10-06,14,0.0
2022-10-06,15,0.0
2022-10-06,16,0.0
2022-10-06,17,0.0
2022-10-06,18,0.0
2022-10-06,19,0.0
2022-10-06,20,0.0
2022-10-06,21,0.0
2022-10-06,22,0.0
2022-10-06,23,0.0
2022-10-07,0,0.0
2022-10-07,1,0.0
2022-10-07,2,0.0
2022-10-07,3,0.0
2022-10-07,4,0.0
2022-10-07,5,0.0
2022-10-07,6,0.0
2022-10-07,7,0.0
2022-10-07,8,0.0
2022-10-07,9,0.0
2022-10-07,10,4.5
2022-10-07,11,6.0
2022-10-07,12,0.0
2022-10-07,13,0.0
2022-10-07,14,0.5
2022-10-07,15,2.5
2022-10-07,16,12.0
2022-10-07,17,1.25
2022-10-07,18,10.25
2022-10-07,19,46.25
2022-10-07,20,17.0
2022-10-07,21,0.0
2022-10-07,22,0.0
2022-10-07,23,0.0
2022-10-08,0,0.0
2022-10-08,1,0.0
2022-10-08,2,0.0
2022-10-08,3,0.0
2022-10-08,4,0.0
2022-10-08,5,0.5
2022-10-08,6,0.75
2022-10-08,7,1.25
2022-10-08,8,0.0
2022-10-08,9,0.0
2022-10-08,10,0.0
2022-10-08,11,0.0
2022-10-08,12,0.25
2022-10-08,13,0.25
2022-10-08,14,0.0
2022-10-08,15,0.0
2022-10-08,16,0.0
2022-10-08,17,0.0
2022-10-08,18,0.0
2022-10-08,19,0.0
2022-10-08,20,0.0
2022-10-08,21,0.0
2022-10-08,22,0.0
2022-10-08,23,0.0
2022-10-09,0,0.0
2022-10-09,1,0.0
2022-10-09,2,0.0
2022-10-09,3,0.0
2022-10-09,4,0.0
2022-10-09,5,0.0
2022-10-09,6,0.0
2022-10-09,7,0.0
2022-10-09,8,0.0
2022-10-09,9,0.0
2022-10-09,10,0.0
2022-10-09,11,0.0
2022-10-09,12,0.0
2022-10-09,13,0.0
2022-10-09,14,0.0
2022-10-09,15,0.0
2022-10-09,16,0.0
2022-10-09,17,0.0
2022-10-09,18,0.0
2022-10-09,19,0.0
2022-10-09,20,0.0
2022-10-09,21,0.0
2022-10-09,22,0.0
2022-10-09,23,0.0
2022-10-10,0,0.0
2022-10-10,1,0.0
2022-10-10,2,0.0
2022-10-10,3,0.0
2022-10-10,4,0.0
2022-10-10,5,0.0
2022-10-10,6,0.0
2022-10-10,7,0.0
2022-10-10,8,0.0
2022-10-10,9,0.0
2022-10-10,10,0.0
2022-10-10,11,0.0
2022-10-10,12,0.0
2022-10-10,13,0.0
2022-10-10,14,0.0
2022-10-10,15,0.0
2022-10-10,16,0.0
2022-10-10,17,0.0
2022-10-10,18,0.0
2022-10-10,19,0.0
2022-10-10,20,0.0
2022-10-10,21,0.0
2022-10-10,22,0.0
2022-10-10,23,0.0
2022-10-11,0,0.0
2022-10-11,1,0.0
2022-10-11,2,0.0
2022-10-11,3,0.0
2022-10-11,4,0.0
2022-10-11,5,0.0
2022-10-11,6,0.0
2022-10-11,7,0.0
2022-10-11,8,0.0
2022-10-11,9,0.0
2022-10-11,10,0.0
2022-10-11,11,0.0
2022-10-11,12,0.0
2022-10-11,13,0.0
2022-10-11,14,0.0
2022-10-11,15,0.0
2022-10-11,16,0.0
2022-10-11,17,0.0
2022-10-11,18,0.0
2022-10-11,19,0.0
2022-10-11,20,0.0
2022-10-11,21,0.0
2022-10-11,22,0.0
2022-10-11,23,0.0
2022-10-12,0,0.0
2022-10-12,1,0.0
2022-10-12,2,0.0
2022-10-12,3,0.0
2022-10-12,4,0.0
2022-10-12,5,0.0
2022-10-12,6,0.0
2022-10-12,7,0.0
2022-10-12,8,0.0
2022-10-12,9,0.0
2022-10-12,10,0.0
2022-10-12,11,0.0
2022-10-12,12,0.0
2022-10-12,13,0.0
2022-10-12,14,0.0
2022-10-12,15,0.0
2022-10-12,16,0.0
2022-10-12,17,0.0
2022-10-12,18,0.0
2022-10-12,19,0.0
2022-10-12,20,0.0
2022-10-12,21,0.0
2022-10-12,22,0.0
2022-10-12,23,0.0
2022-10-13,0,0.0
2022-10-13,1,0.0
2022-10-13,2,0.0
2022-10-13,3,0.0
2022-10-13,4,0.0
2022-10-13,5,0.0
2022-10-13,6,0.0
2022-10-13,7,0.0
2022-10-13,8,0.0
2022-10-13,9,1.25
2022-10-13,10,0.0
2022-10-13,11,0.0
2022-10-13,12,0.0
2022-10-13,13,0.0
2022-10-13,14,0.0
2022-10-13,15,0.0
2022-10-13,16,0.0
2022-10-13,17,0.0
2022-10-13,18,0.0
2022-10-13,19,0.0
2022-10-13,20,0.0
2022-10-13,21,0.0
2022-10-13,22,0.0
2022-10-13,23,0.0
2022-10-14,0,0.0
2022-10-14,1,0.0
2022-10-14,2,0.0
2022-10-14,3,0.0
2022-10-14,4,0.0
2022-10-14,5,0.0
2022-10-14,6,0.0
2022-10-14,7,0.0
2022-10-14,8,0.0
2022-10-14,9,0.0
2022-10-14,10,0.0
2022-10-14,11,0.0
2022-10-14,12,0.0
2022-10-14,13,0.0
2022-10-14,14,0.0
2022-10-14,15,0.0
2022-10-14,16,0.0
2022-10-14,17,0.0
2022-10-14,18,0.0
2022-10-14,19,0.0
2022-10-14,20,0.0
2022-10-14,21,0.0
2022-10-14,22,0.0
2022-10-14,23,0.0
2022-10-15,0,0.0
2022-10-15,1,0.0
2022-10-15,2,0.0
2022-10-15,3,0.0
2022-10-15,4,0.0
2022-10-15,5,0.0
2022-10-15,6,0.0
2022-10-15,7,0.0
2022-10-15,8,0.0
2022-10-15,9,0.0
2022-10-15,10,0.0
2022-10-15,11,0.0
2022-10-15,12,0.0
2022-10-15,13,0.0
2022-10-15,14,0.0
2022-10-15,15,0.0
2022-10-15,16,0.0
2022-10-15,17,0.0
2022-10-15,18,0.0
2022-10-15,19,0.0
2022-10-15,20,0.0
2022-10-15,21,0.0
2022-10-15,22,0.0
2022-10-15,23,0.0
2022-10-16,0,0.0
2022-10-16,1,0.0
2022-10-16,2,0.0
2022-10-16,3,0.0
2022-10-16,4,0.0
2022-10-16,5,0.0
2022-10-16,6,0.0
2022-10-16,7,0.0
2022-10-16,8,0.0
2022-10-16,9,0.0
2022-10-16,10,0.0
2022-10-16,11,0.0
2022-10-16,12,0.0
2022-10-16,13,0.0
2022-10-16,14,0.0
2022-10-16,15,0.0
2022-10-16,16,0.0
2022-10-16,17,0.0
2022-10-16,18,0.0
2022-10-16,19,0.0
2022-10-16,20,0.0
2022-10-16,21,0.0
2022-10-16,22,0.0
2022-10-16,23,0.0
2022-10-17,0,0.0
2022-10-17,1,0.0
2022-10-17,2,0.0
2022-10-17,3,0.0
2022-10-17,4,0.0
2022-10-17,5,0.0
2022-10-17,6,0.0
2022-10-17,7,0.0
2022-10-17,8,0.0
2022-10-17,9,0.0
2022-10-17,10,0.0
2022-10-17,11,0.0
2022-10-17,12,0.0
2022-10-17,13,0.0
2022-10-17,14,0.0
2022-10-17,15,0.0
2022-10-17,16,0.0
2022-10-17,17,0.0
2022-10-17,18,0.25
2022-10-17,19,1.5
2022-10-17,20,0.0
2022-10-17,21,0.0
2022-10-17,22,0.0
2022-10-17,23,0.0
2022-10-18,0,0.0
2022-10-18,1,0.0
2022-10-18,2,0.0
2022-10-18,3,0.25
2022-10-18,4,0.0
2022-10-18,5,0.0
2022-10-18,6,0.25
2022-10-18,7,21.0
2022-10-18,8,0.5
2022-10-18,9,0.25
2022-10-18,10,0.0
2022-10-18,11,0.0
2022-10-18,12,0.0
2022-10-18,13,0.0
2022-10-18,14,0.0
2022-10-18,15,0.25
2022-10-18,16,0.0
2022-10-18,17,0.0
2022-10-18,18,1.25
2022-10-18,19,24.5
2022-10-18,20,0.75
2022-10-18,21,0.0
2022-10-18,22,0.0
2022-10-18,23,0.0
2022-10-19,0,0.0
2022-10-19,1,0.0
2022-10-19,2,0.0
2022-10-19,3,0.0
2022-10-19,4,0.0
2022-10-19,5,0.0
2022-10-19,6,0.0
2022-10-19,7,0.0
2022-10-19,8,0.0
2022-10-19,9,0.0
2022-10-19,10,0.0
2022-10-19,11,0.0
2022-10-19,12,0.0
2022-10-19,13,0.0
2022-10-19,14,0.0
2022-10-19,15,0.0
2022-10-19,16,0.0
2022-10-19,17,0.0
2022-10-19,18,1.5
2022-10-19,19,14.75
2022-10-19,20,15.25
2022-10-19,21,0.0
2022-10-19,22,0.25
2022-10-19,23,0.0
2022-10-20,0,0.0
2022-10-20,1,0.0
2022-10-20,2,0.0
2022-10-20,3,0.0
2022-10-20,4,0.0
2022-10-20,5,0.0
2022-10-20,6,0.0
2022-10-20,7,0.0
2022-10-20,8,0.0
2022-10-20,9,0.0
2022-10-20,10,0.0
2022-10-20,11,0.0
2022-10-20,12,0.0
2022-10-20,13,0.0
2022-10-20,14,0.0
2022-10-20,15,0.0
2022-10-20,16,0.0
2022-10-20,17,0.0
2022-10-20,18,0.0
2022-10-20,19,0.0
2022-10-20,20,0.0
2022-10-20,21,0.0
2022-10-20,22,0.0
2022-10-20,23,0.0
2022-10-21,0,0.0
2022-10-21,1,0.0
2022-10-21,2,0.0
2022-10-21,3,0.0
2022-10-21,4,0.0
2022-10-21,5,0.0
2022-10-21,6,0.0
2022-10-21,7,0.0
2022-10-21,8,0.0
2022-10-21,9,0.0
2022-10-21,10,0.0
2022-10-21,11,0.0
2022-10-21,12,0.0
2022-10-21,13,0.0
2022-10-21,14,0.0
2022-10-21,15,0.0
2022-10-21,16,0.0
2022-10-21,17,0.0
2022-10-21,18,3.5
2022-10-21,19,0.0
2022-10-21,20,0.0
2022-10-21,21,0.0
2022-10-21,22,0.0
2022-10-21,23,0.0
2022-10-22,0,0.0
2022-10-22,1,0.0
2022-10-22,2,0.0
2022-10-22,3,0.0
2022-10-22,4,0.0
2022-10-22,5,0.0
2022-10-22,6,0.0
2022-10-22,7,0.0
2022-10-22,8,0.0
2022-10-22,9,0.0
2022-10-22,10,0.0
2022-10-22,11,0.0
2022-10-22,12,0.0
2022-10-22,13,0.0
2022-10-22,14,0.0
2022-10-22,15,0.0
2022-10-22,16,0.0
2022-10-22,17,0.0
2022-10-22,18,0.0
2022-10-22,19,0.0
2022-10-22,20,0.0
2022-10-22,21,0.0
2022-10-22,22,0.0
2022-10-22,23,0.0
2022-10-23,0,0.0
2022-10-23,1,0.0
2022-10-23,2,0.0
2022-10-23,3,0.0
2022-10-23,4,0.0
2022-10-23,5,0.0
2022-10-23,6,0.0
2022-10-23,7,0.0
2022-10-23,8,0.0
2022-10-23,9,0.0
2022-10-23,10,0.0
2022-10-23,11,0.0
2022-10-23,12,0.0
2022-10-23,13,0.0
2022-10-23,14,0.0
2022-10-23,15,0.0
2022-10-23,16,0.0
2022-10-23,17,0.0
2022-10-23,18,0.0
2022-10-23,19,0.0
2022-10-23,20,0.0
2022-10-23,21,0.0
2022-10-23,22,0.0
2022-10-23,23,0.0
2022-10-24,0,0.0
2022-10-24,1,0.0
2022-10-24,2,0.0
2022-10-24,3,0.0
2022-10-24,4,0.0
2022-10-24,5,0.0
2022-10-24,6,0.0
2022-10-24,7,0.0
2022-10-24,8,0.0
2022-10-24,9,0.0
2022-10-24,10,0.0
2022-10-24,11,0.0
2022-10-24,12,0.0
2022-10-24,13,0.0
2022-10-24,14,0.0
2022-10-24,15,0.0
2022-10-24,16,0.0
2022-10-24,17,0.0
2022-10-24,18,0.0
2022-10-24,19,0.0
2022-10-24,20,0.0
2022-10-24,21,0.0
2022-10-24,22,0.0
2022-10-24,23,0.0
2022-10-25,0,0.0
2022-10-25,1,0.0
2022-10-25,2,0.0
2022-10-25,3,0.0
2022-10-25,4,0.0
2022-10-25,5,0.0
2022-10-25,6,0.0
2022-10-25,7,0.0
2022-10-25,8,0.0
2022-10-25,9,0.0
2022-10-25,10,0.0
2022-10-25,11,0.0
2022-10-25,12,0.0
2022-10-25,13,0.0
2022-10-25,14,0.0
2022-10-25,15,0.0
2022-10-25,16,0.0
2022-10-25,17,0.0
2022-10-25,18,0.0
2022-10-25,19,0.0
2022-10-25,20,0.0
2022-10-25,21,0.0
2022-10-25,22,0.0
2022-10-25,23,0.0
2022-10-26,0,0.0
2022-10-26,1,0.0
2022-10-26,2,0.0
2022-10-26,3,0.0
2022-10-26,4,0.0
2022-10-26,5,0.0
2022-10-26,6,0.0
2022-10-26,7,0.0
2022-10-26,8,0.0
2022-10-26,9,0.0
2022-10-26,10,0.0
2022-10-26,11,0.0
2022-10-26,12,0.0
2022-10-26,13,0.0
2022-10-26,14,0.0
2022-10-26,15,0.0
2022-10-26,16,0.0
2022-10-26,17,0.0
2022-10-26,18,0.0
2022-10-26,19,0.0
2022-10-26,20,0.0
2022-10-26,21,0.0
2022-10-26,22,0.0
2022-10-26,23,0.0
2022-10-27,0,0.0
2022-10-27,1,0.0
2022-10-27,2,0.0
2022-10-27,3,0.0
2022-10-27,4,0.0
2022-10-27,5,0.0
2022-10-27,6,0.0
2022-10-27,7,0.0
2022-10-27,8,0.0
2022-10-27,9,0.0
2022-10-27,10,0.0
2022-10-27,11,0.0
2022-10-27,12,0.0
2022-10-27,13,0.0
2022-10-27,14,0.0
2022-10-27,15,0.0
2022-10-27,16,0.0
2022-10-27,17,0.0
2022-10-27,18,0.0
2022-10-27,19,0.0
2022-10-27,20,0.0
2022-10-27,21,0.0
2022-10-27,22,0.0
2022-10-27,23,0.0
2022-10-28,0,0.0
2022-10-28,1,0.0
2022-10-28,2,0.0
2022-10-28,3,0.0
2022-10-28,4,0.0
2022-10-28,5,0.0
2022-10-28,6,0.0
2022-10-28,7,0.0
2022-10-28,8,0.0
2022-10-28,9,0.0
2022-10-28,10,0.0
2022-10-28,11,0.0
2022-10-28,12,0.0
2022-10-28,13,0.0
2022-10-28,14,0.0
2022-10-28,15,0.0
2022-10-28,16,0.0
2022-10-28,17,0.0
2022-10-28,18,0.0
2022-10-28,19,0.0
2022-10-28,20,0.0
2022-10-28,21,0.0
2022-10-28,22,0.0
2022-10-28,23,0.0
2022-10-29,0,0.0
2022-10-29,1,0.0
2022-10-29,2,0.0
2022-10-29,3,0.0
2022-10-29,4,0.0
2022-10-29,5,0.0
2022-10-29,6,0.0
2022-10-29,7,0.0
2022-10-29,8,0.0
2022-10-29,9,0.0
2022-10-29,10,0.0
2022-10-29,11,0.0
2022-10-29,12,0.0
2022-10-29,13,0.0
2022-10-29,14,0.0
2022-10-29,15,0.0
2022-10-29,16,0.0
2022-10-29,17,0.0
2022-10-29,18,0.0
2022-10-29,19,0.0
2022-10-29,20,0.0
2022-10-29,21,0.0
2022-10-29,22,0.0
2022-10-29,23,0.0
2022-10-30,0,0.0
2022-10-30,1,0.0
2022-10-30,2,0.0
2022-10-30,3,0.0
2022-10-30,4,0.0
2022-10-30,5,0.0
2022-10-30,6,0.0
2022-10-30,7,0.0
2022-10-30,8,0.0
2022-10-30,9,0.0
2022-10-30,10,0.0
2022-10-30,11,0.0
2022-10-30,12,0.0
2022-10-30,13,0.0
2022-10-30,14,0.0
2022-10-30,15,0.0
2022-10-30,16,0.0
2022-10-30,17,0.0
2022-10-30,18,0.0
2022-10-30,19,0.0
2022-10-30,20,0.0
2022-10-30,21,0.0
2022-10-30,22,0.0
2022-10-30,23,0.0
2022-10-31,0,0.0
2022-10-31,1,0.0
2022-10-31,2,0.0
2022-10-31,3,0.0
2022-10-31,4,0.0
2022-10-31,5,0.0
2022-10-31,6,0.0
2022-10-31,7,0.0
2022-10-31,8,0.0
2022-10-31,9,0.0
2022-10-31,10,0.0
2022-10-31,11,0.0
2022-10-31,12,0.0
2022-10-31,13,0.0
2022-10-31,14,0.0
2022-10-31,15,0.0
2022-10-31,16,0.0
2022-10-31,17,0.0
2022-10-31,18,0.0
2022-10-31,19,0.0
2022-10-31,20,0.0
2022-10-31,21,0.0
2022-10-31,22,0.0
2022-10-31,23,0.0
2022-11-01,0,0.0
2022-11-01,1,0.0
2022-11-01,2,0.0
2022-11-01,3,0.0
2022-11-01,4,0.0
2022-11-01,5,0.0
2022-11-01,6,0.0
2022-11-01,7,0.0
2022-11-01,8,0.0
2022-11-01,9,0.0
2022-11-01,10,0.0
2022-11-01,11,0.0
2022-11-01,12,0.0
2022-11-01,13,0.0
2022-11-01,14,0.0
2022-11-01,15,0.0
2022-11-01,16,0.0
2022-11-01,17,0.0
2022-11-01,18,0.0
2022-11-01,19,0.0
2022-11-01,20,0.0
2022-11-01,21,0.0
2022-11-01,22,0.0
2022-11-01,23,0.0
2022-11-02,0,0.0
2022-11-02,1,0.0
2022-11-02,2,0.0
2022-11-02,3,0.0
2022-11-02,4,0.0
2022-11-02,5,0.0
2022-11-02,6,0.0
2022-11-02,7,0.0
2022-11-02,8,0.0
2022-11-02,9,0.0
2022-11-02,10,0.0
2022-11-02,11,0.0
2022-11-02,12,0.0
2022-11-02,13,0.0
2022-11-02,14,0.0
2022-11-02,15,0.0
2022-11-02,16,0.0
2022-11-02,17,0.0
2022-11-02,18,0.0
2022-11-02,19,0.0
2022-11-02,20,0.0
2022-11-02,21,0.0
2022-11-02,22,0.0
2022-11-02,23,0.0
2022-11-03,0,0.0
2022-11-03,1,0.0
2022-11-03,2,0.0
2022-11-03,3,0.0
2022-11-03,4,0.0
2022-11-03,5,0.0
2022-11-03,6,0.0
2022-11-03,7,0.0
2022-11-03,8,0.0
2022-11-03,9,0.0
2022-11-03,10,0.0
2022-11-03,11,0.0
2022-11-03,12,0.0
2022-11-03,13,0.0
2022-11-03,14,0.0
2022-11-03,15,0.0
2022-11-03,16,0.0
2022-11-03,17,0.0
2022-11-03,18,0.0
2022-11-03,19,0.0
2022-11-03,20,0.0
2022-11-03,21,0.0
2022-11-03,22,0.0
2022-11-03,23,0.0
2022-11-04,0,0.0
2022-11-04,1,0.0
2022-11-04,2,0.0
2022-11-04,3,0.0
2022-11-04,4,0.0
2022-11-04,5,0.0
2022-11-04,6,0.0
2022-11-04,7,0.0
2022-11-04,8,0.0
2022-11-04,9,0.0
2022-11-04,10,0.0
2022-11-04,11,0.0
2022-11-04,12,0.0
2022-11-04,13,0.0
2022-11-04,14,0.0
2022-11-04,15,0.0
2022-11-04,16,0.0
2022-11-04,17,0.0
2022-11-04,18,0.0
2022-11-04,19,0.0
2022-11-04,20,0.0
2022-11-04,21,0.0
2022-11-04,22,0.0
2022-11-04,23,0.0
2022-11-05,0,0.0
2022-11-05,1,0.0
2022-11-05,2,0.0
2022-11-05,3,0.0
2022-11-05,4,0.0
2022-11-05,5,0.0
2022-11-05,6,0.0
2022-11-05,7,0.0
2022-11-05,8,0.0
2022-11-05,9,0.0
2022-11-05,10,0.0
2022-11-05,11,0.0
2022-11-05,12,0.0
2022-11-05,13,0.0
2022-11-05,14,0.0
2022-11-05,15,0.0
2022-11-05,16,0.0
2022-11-05,17,0.0
2022-11-05,18,0.0
2022-11-05,19,0.0
2022-11-05,20,0.0
2022-11-05,21,0.0
2022-11-05,22,0.0
2022-11-05,23,0.0
2022-11-06,0,0.0
2022-11-06,1,0.0
2022-11-06,2,0.0
2022-11-06,3,0.0
2022-11-06,4,0.0
2022-11-06,5,0.0
2022-11-06,6,0.0
2022-11-06,7,0.0
2022-11-06,8,0.0
2022-11-06,9,0.0
2022-11-06,10,0.0
2022-11-06,11,0.0
2022-11-06,12,0.0
2022-11-06,13,0.0
2022-11-06,14,0.0
2022-11-06,15,0.0
2022-11-06,16,0.0
2022-11-06,17,0.0
2022-11-06,18,0.0
2022-11-06,19,0.0
2022-11-06,20,0.0
2022-11-06,21,0.0
2022-11-06,22,0.0
2022-11-06,23,0.0
2022-11-07,0,0.0
2022-11-07,1,0.0
2022-11-07,2,0.0
2022-11-07,3,0.0
2022-11-07,4,0.0
2022-11-07,5,0.0
2022-11-07,6,0.0
2022-11-07,7,0.0
2022-11-07,8,0.0
2022-11-07,9,0.0
2022-11-07,10,0.0
2022-11-07,11,0.0
2022-11-07,12,0.0
2022-11-07,13,0.0
2022-11-07,14,0.0
2022-11-07,15,0.0
2022-11-07,16,0.0
2022-11-07,17,0.0
2022-11-07,18,0.0
2022-11-07,19,0.0
2022-11-07,20,0.0
2022-11-07,21,0.0
2022-11-07,22,0.0
2022-11-07,23,0.0
2022-11-08,0,0.0
2022-11-08,1,0.0
2022-11-08,2,0.0
2022-11-08,3,0.0
2022-11-08,4,0.0
2022-11-08,5,0.0
2022-11-08,6,0.0
2022-11-08,7,0.0
2022-11-08,8,0.0
2022-11-08,9,0.0
2022-11-08,10,0.0
2022-11-08,11,0.0
2022-11-08,12,0.0
2022-11-08,13,0.0
2022-11-08,14,0.0
2022-11-08,15,0.0
2022-11-08,16,0.0
2022-11-08,17,0.0
2022-11-08,18,0.0
2022-11-08,19,0.0
2022-11-08,20,0.0
2022-11-08,21,0.0
2022-11-08,22,0.0
2022-11-08,23,0.0
2022-11-09,0,0.0
2022-11-09,1,0.0
2022-11-09,2,0.0
2022-11-09,3,0.0
2022-11-09,4,0.0
2022-11-09,5,0.0
2022-11-09,6,0.0
2022-11-09,7,0.0
2022-11-09,8,0.0
2022-11-09,9,0.0
2022-11-09,10,0.0
2022-11-09,11,0.0
2022-11-09,12,0.0
2022-11-09,13,0.0
2022-11-09,14,0.0
2022-11-09,15,0.0
2022-11-09,16,0.0
2022-11-09,17,0.0
2022-11-09,18,0.0
2022-11-09,19,0.0
2022-11-09,20,0.0
2022-11-09,21,0.0
2022-11-09,22,0.0
2022-11-09,23,0.0
2022-11-10,0,0.0
2022-11-10,1,0.0
2022-11-10,2,0.0
2022-11-10,3,0.0
2022-11-10,4,0.0
2022-11-10,5,0.0
2022-11-10,6,0.0
2022-11-10,7,0.0
2022-11-10,8,0.0
2022-11-10,9,0.0
2022-11-10,10,0.0
2022-11-10,11,0.0
2022-11-10,12,0.0
2022-11-10,13,0.0
2022-11-10,14,0.0
2022-11-10,15,0.0
2022-11-10,16,0.0
2022-11-10,17,0.0
2022-11-10,18,0.0
2022-11-10,19,0.0
2022-11-10,20,0.0
2022-11-10,21,0.0
2022-11-10,22,0.0
2022-11-10,23,0.0
2022-11-11,0,0.0
2022-11-11,1,0.0
2022-11-11,2,0.0
2022-11-11,3,0.0
2022-11-11,4,0.0
2022-11-11,5,0.0
2022-11-11,6,0.0
2022-11-11,7,0.0
2022-11-11,8,0.0
2022-11-11,9,0.0
2022-11-11,10,0.0
2022-11-11,11,0.0
2022-11-11,12,0.0
2022-11-11,13,0.0
2022-11-11,14,0.0
2022-11-11,15,0.0
2022-11-11,16,0.0
2022-11-11,17,0.0
2022-11-11,18,0.0
2022-11-11,19,0.0
2022-11-11,20,0.0
2022-11-11,21,0.0
2022-11-11,22,0.0
2022-11-11,23,0.0
2022-11-12,0,0.0
2022-11-12,1,0.0
2022-11-12,2,0.0
2022-11-12,3,0.0
2022-11-12,4,0.0
2022-11-12,5,0.0
2022-11-12,6,0.0
2022-11-12,7,0.0
2022-11-12,8,0.0
2022-11-12,9,0.0
2022-11-12,10,0.0
2022-11-12,11,0.0
2022-11-12,12,0.0
2022-11-12,13,0.0
2022-11-12,14,0.0
2022-11-12,15,0.0
2022-11-12,16,0.0
2022-11-12,17,0.0
2022-11-12,18,0.0
2022-11-12,19,0.0
2022-11-12,20,0.0
2022-11-12,21,0.0
2022-11-12,22,0.0
2022-11-12,23,0.0
